Workbook

Sheet koronahun
A1: Dátum | B1: Regisztrált esetek száma | C1: Új esetek száma | D1: Elhunytak | E1: Gyógyultak | F1: Mintavétel száma | G1: Egymillió lakosra elvégzett tesztek száma | H1: Kórházi karanténba zártak száma | I1: Regisztrált esetek százalékos változása az előző naphoz viszonyítva | J1: Pozitív tesztek aránya | K1: A mintavételek számának százalékos változása az előző naphoz képest | L1: Aktív fertőzöttek száma | M1: Elhunytak aránya Magyarországon | N1: Gyógyultak aránya Magyarországon | O1: Hatósági házi karantén | P1: Új mintavételek száma | Q1: Új esetek aránya az új mintavételekhez képest | R1: Az új elhunytak száma naponta | S1: Új gyógyultak naponta | T1: Kórházi ápoltak száma | U1: Lélegeztetőgépen lévők száma | V1: Aktív esetek/összes eset | W1: Kórházi ápoltak számának változása az előző naphoz képest | X1: Lélegeztetőgépen lévők számának változása az előző naphoz képest | Y1: Kórházi ápoltak aránya az aktív eseteken belül | Z1: Lélegeztetőgépen lévők aránya a kórházi ápoltakon belül | AA1: Növekedési faktor | AB1: Hétnapos mozgóátlag | AC1: Hétnapos csúszóátlag | AD1: Hétnapos csúszóátlag | AE1: Hétnapos csúszóátlag | AF1: Hétnapos csúszóátlag | AG1: Beoltottak száma Magyarországon | AH1: Új beoltottak száma Magyarországon | AI1: Hétnapos csúszóátlag | AJ1: Második oltás | AK1: Második oltás napi | AL1: Hétnapos csúszóátlag | AM1: Hétnapos csúszóátlag
A2: 43894 | B2: 2 | C2: 2 | F2: 230 | H2: 21 | J2: 0.0087 | L2: 2 | V2: =L2/B2 -> 1
A3: 43895 | B3: 4 | C3: 2 | F3: 230 | H3: 40 | J3: 0.0174 | L3: 4 | P3: 0 | V3: =L3/B3 -> 1 | W3: =T3-T2 -> 0 | X3: =U3-U2 -> 0
A4: 43896 | B4: 4 | C4: 0 | F4: 269 | G4: =F4/9.8 -> 27.44898 | H4: 39 | J4: 0.0149 | K4: 0.17 | L4: 4 | P4: 39 | V4: =L4/B4 -> 1 | W4: =T4-T3 -> 0 | X4: =U4-U3 -> 0
A5: 43897 | B5: 5 | C5: 1 | F5: 319 | G5: =F5/9.8 -> 32.55102 | H5: 48 | I5: 0.25 | J5: 0.0157 | K5: 0.186 | L5: 5 | P5: 50 | Q5: 0.02 | V5: =L5/B5 -> 1 | W5: =T5-T4 -> 0 | X5: =U5-U4 -> 0
A6: 43898 | B6: 7 | C6: 2 | F6: 362 | G6: =F6/9.8 -> 36.938776 | H6: 67 | I6: 0.4 | J6: 0.0193 | K6: 0.135 | L6: 7 | P6: 43 | Q6: 0.0465 | V6: =L6/B6 -> 1 | W6: =T6-T5 -> 0 | X6: =U6-U5 -> 0
A7: 43899 | B7: 9 | C7: 2 | F7: 362 | G7: =F7/9.8 -> 36.938776 | H7: 67 | I7: 0.2857 | J7: 0.0249 | L7: 9 | P7: 0 | V7: =L7/B7 -> 1 | W7: =T7-T6 -> 0 | X7: =U7-U6 -> 0
A8: 43900 | B8: 12 | C8: 3 | F8: 531 | G8: =F8/9.8 -> 54.183673 | H8: 53 | I8: 0.3333 | J8: 0.0226 | K8: 0.467 | L8: 12 | P8: 169 | Q8: 0.0178 | V8: =L8/B8 -> 1 | W8: =T8-T7 -> 0 | X8: =U8-U7 -> 0 | AC8: =SUM(C2:C8)/7 -> 1.7142857 | AE8: =SUM(P2:P8)/7 -> 43
A9: 43901 | B9: 13 | C9: 1 | F9: 609 | G9: =F9/9.8 -> 62.142857 | H9: 69 | I9: 0.0833 | J9: 0.0213 | K9: 0.147 | L9: 13 | P9: 78 | Q9: 0.0128 | V9: =L9/B9 -> 1 | W9: =T9-T8 -> 0 | X9: =U9-U8 -> 0 | AC9: =SUM(C3:C9)/7 -> 1.5714286 | AE9: =SUM(P3:P9)/7 -> 54.142857
A10: 43902 | B10: 16 | C10: 3 | F10: 730 | G10: =F10/9.8 -> 74.489796 | H10: 65 | I10: 0.2308 | J10: 0.0219 | K10: 0.199 | L10: 16 | P10: 121 | Q10: 0.0248 | V10: =L10/B10 -> 1 | W10: =T10-T9 -> 0 | X10: =U10-U9 -> 0 | AC10: =SUM(C4:C10)/7 -> 1.7142857 | AE10: =SUM(P4:P10)/7 -> 71.428571
A11: 43903 | B11: 19 | C11: 3 | E11: 1 | F11: 858 | G11: =F11/9.8 -> 87.55102 | H11: 79 | I11: 0.1875 | J11: 0.0221 | K11: 0.175 | L11: 18 | N11: 0.0526 | P11: 128 | Q11: 0.0234 | S11: 1 | V11: =L11/B11 -> 0.94736842 | W11: =T11-T10 -> 0 | X11: =U11-U10 -> 0 | AC11: =SUM(C5:C11)/7 -> 2.1428571 | AE11: =SUM(P5:P11)/7 -> 84.142857 | AF11: =SUM(Q5:Q11)/7 -> 0.020757143
A12: 43904 | B12: 30 | C12: 11 | E12: 1 | F12: 1014 | G12: =F12/9.8 -> 103.46939 | H12: 79 | I12: 0.5789 | J12: 0.0296 | K12: 0.182 | L12: 29 | N12: 0.0333 | P12: 156 | Q12: 0.0705 | S12: 0 | V12: =L12/B12 -> 0.96666667 | W12: =T12-T11 -> 0 | X12: =U12-U11 -> 0 | AC12: =SUM(C6:C12)/7 -> 3.5714286 | AE12: =SUM(P6:P12)/7 -> 99.285714 | AF12: =SUM(Q6:Q12)/7 -> 0.027971429
A13: 43905 | B13: 32 | C13: 2 | E13: 1 | F13: 1236 | G13: =F13/9.8 -> 126.12245 | H13: 159 | I13: 0.0667 | J13: 0.0259 | K13: 0.219 | L13: 31 | N13: 0.0313 | P13: 222 | Q13: 0.009 | S13: 0 | V13: =L13/B13 -> 0.96875 | W13: =T13-T12 -> 0 | X13: =U13-U12 -> 0 | AC13: =SUM(C7:C13)/7 -> 3.5714286 | AE13: =SUM(P7:P13)/7 -> 124.85714 | AF13: =SUM(Q7:Q13)/7 -> 0.022614286
A14: 43906 | B14: 39 | C14: 7 | D14: 1 | E14: 2 | F14: 1470 | G14: =F14/9.8 -> 150 | H14: 137 | I14: 0.2188 | J14: 0.0265 | K14: 0.189 | L14: 36 | M14: 0.0256 | N14: 0.0513 | P14: 234 | Q14: 0.0299 | R14: 1 | S14: 1 | V14: =L14/B14 -> 0.92307692 | W14: =T14-T13 -> 0 | X14: =U14-U13 -> 0 | AC14: =SUM(C8:C14)/7 -> 4.2857143 | AE14: =SUM(P8:P14)/7 -> 158.28571 | AF14: =SUM(Q8:Q14)/7 -> 0.026885714
A15: 43907 | B15: 50 | C15: 11 | D15: 1 | E15: 2 | F15: 1587 | G15: =F15/9.8 -> 161.93878 | H15: 137 | I15: 0.2821 | J15: 0.0315 | K15: 0.08 | L15: 47 | M15: 0.02 | N15: 0.04 | P15: 117 | Q15: 0.094 | R15: 0 | S15: 0 | V15: =L15/B15 -> 0.94 | W15: =T15-T14 -> 0 | X15: =U15-U14 -> 0 | AA15: =(C9+C10+C11+C12+C13+C14+C15)/(C2+C3+C4+C5+C6+C7+C8) -> 3.1666667 | AC15: =SUM(C9:C15)/7 -> 5.4285714 | AE15: =SUM(P9:P15)/7 -> 150.85714 | AF15: =SUM(Q9:Q15)/7 -> 0.037771429
A16: 43908 | B16: 58 | C16: 8 | D16: 1 | E16: 2 | F16: 1803 | G16: =F16/9.8 -> 183.97959 | H16: 122 | I16: 0.16 | J16: 0.0322 | K16: 0.136 | L16: 55 | M16: 0.0172 | N16: 0.0345 | O16: 2817 | P16: 216 | Q16: 0.037 | R16: 0 | S16: 0 | V16: =L16/B16 -> 0.94827586 | W16: =T16-T15 -> 0 | X16: =U16-U15 -> 0 | AA16: =(C10+C11+C12+C13+C14+C15+C16)/(C3+C4+C5+C6+C7+C8+C9) -> 4.0909091 | AC16: =SUM(C10:C16)/7 -> 6.4285714 | AE16: =SUM(P10:P16)/7 -> 170.57143 | AF16: =SUM(Q10:Q16)/7 -> 0.041228571
A17: 43909 | B17: 73 | C17: 15 | D17: 1 | E17: 2 | F17: 2322 | G17: =F17/9.8 -> 236.93878 | H17: 124 | I17: 0.2586 | J17: 0.0314 | K17: 0.288 | L17: 70 | M17: 0.0137 | N17: 0.0274 | O17: 3065 | P17: 519 | Q17: 0.0289 | R17: 0 | S17: 0 | V17: =L17/B17 -> 0.95890411 | W17: =T17-T16 -> 0 | X17: =U17-U16 -> 0 | AA17: =(C11+C12+C13+C14+C15+C16+C17)/(C4+C5+C6+C7+C8+C9+C10) -> 4.75 | AC17: =SUM(C11:C17)/7 -> 8.1428571 | AE17: =SUM(P11:P17)/7 -> 227.42857 | AF17: =SUM(Q11:Q17)/7 -> 0.041814286 | AM17: =SUM(S11:S17)/7 -> 0.28571429
A18: 43910 | B18: 85 | C18: 12 | D18: 4 | E18: 7 | F18: 3007 | G18: =F18/9.8 -> 306.83673 | H18: 116 | I18: 0.1644 | J18: 0.0283 | K18: 0.295 | L18: 74 | M18: 0.0471 | N18: 0.0824 | O18: 3506 | P18: 685 | Q18: 0.0175 | R18: 3 | S18: 5 | V18: =L18/B18 -> 0.87058824 | W18: =T18-T17 -> 0 | X18: =U18-U17 -> 0 | AA18: =(C12+C13+C14+C15+C16+C17+C18)/(C5+C6+C7+C8+C9+C10+C11) -> 4.4 | AC18: =SUM(C12:C18)/7 -> 9.4285714 | AE18: =SUM(P12:P18)/7 -> 307 | AF18: =SUM(Q12:Q18)/7 -> 0.040971429 | AM18: =SUM(S12:S18)/7 -> 0.85714286
A19: 43911 | B19: 103 | C19: 18 | D19: 4 | E19: 7 | F19: 3477 | G19: =F19/9.8 -> 354.79592 | H19: 117 | I19: 0.2118 | J19: 0.0296 | K19: 0.156 | L19: 92 | M19: 0.0388 | N19: 0.068 | O19: 3771 | P19: 470 | Q19: 0.0383 | R19: 0 | S19: 0 | V19: =L19/B19 -> 0.89320388 | W19: =T19-T18 -> 0 | X19: =U19-U18 -> 0 | AA19: =(C13+C14+C15+C16+C17+C18+C19)/(C6+C7+C8+C9+C10+C11+C12) -> 2.92 | AC19: =SUM(C13:C19)/7 -> 10.428571 | AE19: =SUM(P13:P19)/7 -> 351.85714 | AF19: =SUM(Q13:Q19)/7 -> 0.036371429 | AM19: =SUM(S13:S19)/7 -> 0.85714286
A20: 43912 | B20: 131 | C20: 28 | D20: 6 | E20: 16 | F20: 4443 | G20: =F20/9.8 -> 453.36735 | H20: 115 | I20: 0.2718 | J20: 0.0295 | K20: 0.278 | L20: 109 | M20: 0.0458 | N20: 0.1221 | O20: 3945 | P20: 966 | Q20: 0.029 | R20: 2 | S20: 9 | V20: =L20/B20 -> 0.83206107 | W20: =T20-T19 -> 0 | X20: =U20-U19 -> 0 | AA20: =(C14+C15+C16+C17+C18+C19+C20)/(C7+C8+C9+C10+C11+C12+C13) -> 3.96 | AC20: =SUM(C14:C20)/7 -> 14.142857 | AD20: =SUM(R14:R20)/7 -> 0.85714286 | AE20: =SUM(P14:P20)/7 -> 458.14286 | AF20: =SUM(Q14:Q20)/7 -> 0.039228571 | AM20: =SUM(S14:S20)/7 -> 2.1428571
A21: 43913 | B21: 167 | C21: 36 | D21: 8 | E21: 21 | F21: 5515 | G21: =F21/9.8 -> 562.7551 | H21: 101 | I21: 0.2748 | J21: 0.0303 | K21: 0.241 | L21: 138 | M21: 0.0479 | N21: 0.1257 | O21: 4001 | P21: 1072 | Q21: 0.0336 | R21: 2 | S21: 5 | V21: =L21/B21 -> 0.82634731 | W21: =T21-T20 -> 0 | X21: =U21-U20 -> 0 | AA21: =(C15+C16+C17+C18+C19+C20+C21)/(C8+C9+C10+C11+C12+C13+C14) -> 4.2666667 | AB21: =SUM(AA15:AA21)/7 -> 3.9363203 | AC21: =SUM(C15:C21)/7 -> 18.285714 | AD21: =SUM(R15:R21)/7 -> 1 | AE21: =SUM(P15:P21)/7 -> 577.85714 | AF21: =SUM(Q15:Q21)/7 -> 0.039757143 | AM21: =SUM(S15:S21)/7 -> 2.7142857
A22: 43914 | B22: 187 | C22: 20 | D22: 9 | E22: 21 | F22: 6113 | G22: =F22/9.8 -> 623.77551 | H22: 92 | I22: 0.1198 | J22: 0.0306 | K22: 0.108 | L22: 157 | M22: 0.0481 | N22: 0.1123 | O22: 4207 | P22: 598 | Q22: 0.0334 | R22: 1 | S22: 0 | V22: =L22/B22 -> 0.83957219 | W22: =T22-T21 -> 0 | X22: =U22-U21 -> 0 | AA22: =(C16+C17+C18+C19+C20+C21+C22)/(C9+C10+C11+C12+C13+C14+C15) -> 3.6052632 | AB22: =SUM(AA16:AA22)/7 -> 3.998977 | AC22: =SUM(C16:C22)/7 -> 19.571429 | AD22: =SUM(R16:R22)/7 -> 1.1428571 | AE22: =SUM(P16:P22)/7 -> 646.57143 | AF22: =SUM(Q16:Q22)/7 -> 0.0311 | AM22: =SUM(S16:S22)/7 -> 2.7142857
A23: 43915 | B23: 226 | C23: 39 | D23: 10 | E23: 21 | F23: 6817 | G23: =F23/9.8 -> 695.61224 | H23: 85 | I23: 0.2086 | J23: 0.0332 | K23: 0.115 | L23: 195 | M23: 0.0442 | N23: 0.0929 | P23: 704 | Q23: 0.0554 | R23: 1 | S23: 0 | V23: =L23/B23 -> 0.86283186 | W23: =T23-T22 -> 0 | X23: =U23-U22 -> 0 | AA23: =(C17+C18+C19+C20+C21+C22+C23)/(C10+C11+C12+C13+C14+C15+C16) -> 3.7333333 | AB23: =SUM(AA17:AA23)/7 -> 3.9478947 | AC23: =SUM(C17:C23)/7 -> 24 | AD23: =SUM(R17:R23)/7 -> 1.2857143 | AE23: =SUM(P17:P23)/7 -> 716.28571 | AF23: =SUM(Q17:Q23)/7 -> 0.033728571 | AM23: =SUM(S17:S23)/7 -> 2.7142857
A24: 43916 | B24: 261 | C24: 35 | D24: 10 | E24: 28 | F24: 8005 | G24: =F24/9.8 -> 816.83673 | H24: 100 | I24: 0.1549 | J24: 0.0326 | K24: 0.174 | L24: 223 | M24: 0.0383 | N24: 0.1073 | P24: 1188 | Q24: 0.0295 | R24: 0 | S24: 7 | V24: =L24/B24 -> 0.85440613 | W24: =T24-T23 -> 0 | X24: =U24-U23 -> 0 | AA24: =(C18+C19+C20+C21+C22+C23+C24)/(C11+C12+C13+C14+C15+C16+C17) -> 3.2982456 | AB24: =SUM(AA18:AA24)/7 -> 3.7405013 | AC24: =SUM(C18:C24)/7 -> 26.857143 | AD24: =SUM(R18:R24)/7 -> 1.2857143 | AE24: =SUM(P18:P24)/7 -> 811.85714 | AF24: =SUM(Q18:Q24)/7 -> 0.033814286 | AM24: =SUM(S18:S24)/7 -> 3.7142857
A25: 43917 | B25: 300 | C25: 39 | D25: 10 | E25: 34 | F25: 9275 | G25: =F25/9.8 -> 946.42857 | H25: 84 | I25: 0.1494 | J25: 0.0323 | K25: 0.159 | L25: 256 | M25: 0.0333 | N25: 0.1133 | P25: 1270 | Q25: 0.0307 | R25: 0 | S25: 6 | V25: =L25/B25 -> 0.85333333 | W25: =T25-T24 -> 0 | X25: =U25-U24 -> 0 | AA25: =(C19+C20+C21+C22+C23+C24+C25)/(C12+C13+C14+C15+C16+C17+C18) -> 3.2575758 | AB25: =SUM(AA19:AA25)/7 -> 3.5772978 | AC25: =SUM(C19:C25)/7 -> 30.714286 | AD25: =SUM(R19:R25)/7 -> 0.85714286 | AE25: =SUM(P19:P25)/7 -> 895.42857 | AF25: =SUM(Q19:Q25)/7 -> 0.0357 | AM25: =SUM(S19:S25)/7 -> 3.8571429
A26: 43918 | B26: 343 | C26: 43 | D26: 11 | E26: 34 | F26: 10303 | G26: =F26/9.8 -> 1051.3265 | H26: 87 | I26: 0.1433 | J26: 0.0333 | K26: 0.111 | L26: 298 | M26: 0.0321 | N26: 0.0991 | P26: 1028 | Q26: 0.0418 | R26: 1 | S26: 0 | V26: =L26/B26 -> 0.86880466 | W26: =T26-T25 -> 0 | X26: =U26-U25 -> 0 | AA26: =(C20+C21+C22+C23+C24+C25+C26)/(C13+C14+C15+C16+C17+C18+C19) -> 3.2876712 | AB26: =SUM(AA20:AA26)/7 -> 3.6298223 | AC26: =SUM(C20:C26)/7 -> 34.285714 | AD26: =SUM(R20:R26)/7 -> 1 | AE26: =SUM(P20:P26)/7 -> 975.14286 | AF26: =SUM(Q20:Q26)/7 -> 0.0362 | AM26: =SUM(S20:S26)/7 -> 3.8571429
A27: 43919 | B27: 408 | C27: 65 | D27: 13 | E27: 34 | F27: 12148 | G27: =F27/9.8 -> 1239.5918 | H27: 71 | I27: 0.1895 | J27: 0.0336 | K27: 0.179 | L27: 361 | M27: 0.0319 | N27: 0.0833 | P27: 1845 | Q27: 0.0352 | R27: 2 | S27: 0 | V27: =L27/B27 -> 0.88480392 | W27: =T27-T26 -> 0 | X27: =U27-U26 -> 0 | AA27: =(C21+C22+C23+C24+C25+C26+C27)/(C14+C15+C16+C17+C18+C19+C20) -> 2.7979798 | AB27: =SUM(AA21:AA27)/7 -> 3.4638194 | AC27: =SUM(C21:C27)/7 -> 39.571429 | AD27: =SUM(R21:R27)/7 -> 1 | AE27: =SUM(P21:P27)/7 -> 1100.7143 | AF27: =SUM(Q21:Q27)/7 -> 0.037085714 | AM27: =SUM(S21:S27)/7 -> 2.5714286
A28: 43920 | B28: 447 | C28: 39 | D28: 15 | E28: 34 | F28: 13301 | G28: =F28/9.8 -> 1357.2449 | H28: 73 | I28: 0.0956 | J28: 0.0336 | K28: 0.095 | L28: 398 | M28: 0.0336 | N28: 0.0761 | P28: 1153 | Q28: 0.0338 | R28: 2 | S28: 0 | V28: =L28/B28 -> 0.89038031 | W28: =T28-T27 -> 0 | X28: =U28-U27 -> 0 | AA28: =(C22+C23+C24+C25+C26+C27+C28)/(C15+C16+C17+C18+C19+C20+C21) -> 2.1875 | AB28: =SUM(AA22:AA28)/7 -> 3.1667956 | AC28: =SUM(C22:C28)/7 -> 40 | AD28: =SUM(R22:R28)/7 -> 1 | AE28: =SUM(P22:P28)/7 -> 1112.2857 | AF28: =SUM(Q22:Q28)/7 -> 0.037114286 | AM28: =SUM(S22:S28)/7 -> 1.8571429
A29: 43921 | B29: 492 | C29: 45 | D29: 16 | E29: 37 | F29: 14146 | G29: =F29/9.8 -> 1443.4694 | H29: 61 | I29: 0.1007 | J29: 0.0348 | K29: 0.064 | L29: 439 | M29: 0.0325 | N29: 0.0752 | P29: 845 | Q29: 0.0533 | R29: 2 | S29: 3 | V29: =L29/B29 -> 0.89227642 | W29: =T29-T28 -> 0 | X29: =U29-U28 -> 0 | AA29: =(C23+C24+C25+C26+C27+C28+C29)/(C16+C17+C18+C19+C20+C21+C22) -> 2.2262774 | AB29: =SUM(AA23:AA29)/7 -> 2.9697976 | AC29: =SUM(C23:C29)/7 -> 43.571429 | AD29: =SUM(R23:R29)/7 -> 1.1428571 | AE29: =SUM(P23:P29)/7 -> 1147.5714 | AF29: =SUM(Q23:Q29)/7 -> 0.039957143 | AM29: =SUM(S23:S29)/7 -> 2.2857143
A30: 43922 | B30: 525 | C30: 33 | D30: 20 | E30: 40 | F30: 15208 | G30: =F30/9.8 -> 1551.8367 | H30: 61 | I30: 0.0671 | J30: 0.0345 | K30: 0.075 | L30: 465 | M30: 0.0381 | N30: 0.0762 | P30: 1062 | Q30: 0.0311 | R30: 4 | S30: 3 | V30: =L30/B30 -> 0.88571429 | W30: =T30-T29 -> 0 | X30: =U30-U29 -> 0 | AA30: =(C24+C25+C26+C27+C28+C29+C30)/(C17+C18+C19+C20+C21+C22+C23) -> 1.7797619 | AB30: =SUM(AA24:AA30)/7 -> 2.690716 | AC30: =SUM(C24:C30)/7 -> 42.714286 | AD30: =SUM(R24:R30)/7 -> 1.5714286 | AE30: =SUM(P24:P30)/7 -> 1198.7143 | AF30: =SUM(Q24:Q30)/7 -> 0.036485714 | AM30: =SUM(S24:S30)/7 -> 2.7142857
A31: 43923 | B31: 585 | C31: 60 | D31: 21 | E31: 42 | F31: 16401 | G31: =F31/9.8 -> 1673.5714 | H31: 59 | I31: 0.1143 | J31: 0.0357 | K31: 0.078 | L31: 522 | M31: 0.0359 | N31: 0.0718 | P31: 1193 | Q31: 0.0503 | R31: 1 | S31: 2 | V31: =L31/B31 -> 0.89230769 | W31: =T31-T30 -> 0 | X31: =U31-U30 -> 0 | AA31: =(C25+C26+C27+C28+C29+C30+C31)/(C18+C19+C20+C21+C22+C23+C24) -> 1.7234043 | AB31: =SUM(AA25:AA31)/7 -> 2.4657386 | AC31: =SUM(C25:C31)/7 -> 46.285714 | AD31: =SUM(R25:R31)/7 -> 1.7142857 | AE31: =SUM(P25:P31)/7 -> 1199.4286 | AF31: =SUM(Q25:Q31)/7 -> 0.039457143 | AM31: =SUM(S25:S31)/7 -> 2
A32: 43924 | B32: 623 | C32: 38 | D32: 26 | E32: 43 | F32: 17769 | G32: =F32/9.8 -> 1813.1633 | I32: 0.065 | J32: 0.0351 | K32: 0.083 | L32: 554 | M32: 0.0417 | N32: 0.069 | O32: 10668 | P32: 1368 | Q32: 0.0278 | R32: 5 | S32: 1 | V32: =L32/B32 -> 0.88924559 | W32: =T32-T31 -> 0 | X32: =U32-U31 -> 0 | AA32: =(C26+C27+C28+C29+C30+C31+C32)/(C19+C20+C21+C22+C23+C24+C25) -> 1.5023256 | AB32: =SUM(AA26:AA32)/7 -> 2.2149886 | AC32: =SUM(C26:C32)/7 -> 46.142857 | AD32: =SUM(R26:R32)/7 -> 2.4285714 | AE32: =SUM(P26:P32)/7 -> 1213.4286 | AF32: =SUM(Q26:Q32)/7 -> 0.039042857 | AM32: =SUM(S26:S32)/7 -> 1.2857143
A33: 43925 | B33: 678 | C33: 55 | D33: 32 | E33: 58 | F33: 19424 | G33: =F33/9.8 -> 1982.0408 | I33: 0.0883 | J33: 0.0349 | K33: 0.093 | L33: 588 | M33: 0.0472 | N33: 0.0855 | O33: 12492 | P33: 1655 | Q33: 0.0332 | R33: 6 | S33: 15 | V33: =L33/B33 -> 0.86725664 | W33: =T33-T32 -> 0 | X33: =U33-U32 -> 0 | AA33: =(C27+C28+C29+C30+C31+C32+C33)/(C20+C21+C22+C23+C24+C25+C26) -> 1.3958333 | AB33: =SUM(AA27:AA33)/7 -> 1.944726 | AC33: =SUM(C27:C33)/7 -> 47.857143 | AD33: =SUM(R27:R33)/7 -> 3.1428571 | AE33: =SUM(P27:P33)/7 -> 1303 | AF33: =SUM(Q27:Q33)/7 -> 0.037814286 | AM33: =SUM(S27:S33)/7 -> 3.4285714
A34: 43926 | B34: 733 | C34: 55 | D34: 34 | E34: 66 | F34: 21250 | G34: =F34/9.8 -> 2168.3673 | I34: 0.0811 | J34: 0.0345 | K34: 0.094 | L34: 633 | M34: 0.0464 | N34: 0.09 | O34: 13435 | P34: 1826 | Q34: 0.0301 | R34: 2 | S34: 8 | V34: =L34/B34 -> 0.86357435 | W34: =T34-T33 -> 0 | X34: =U34-U33 -> 0 | AA34: =(C28+C29+C30+C31+C32+C33+C34)/(C21+C22+C23+C24+C25+C26+C27) -> 1.1732852 | AB34: =SUM(AA28:AA34)/7 -> 1.7126268 | AC34: =SUM(C28:C34)/7 -> 46.428571 | AD34: =SUM(R28:R34)/7 -> 3.1428571 | AE34: =SUM(P28:P34)/7 -> 1300.2857 | AF34: =SUM(Q28:Q34)/7 -> 0.037085714 | AM34: =SUM(S28:S34)/7 -> 4.5714286
A35: 43927 | B35: 744 | C35: 11 | D35: 38 | E35: 67 | F35: 22282 | G35: =F35/9.8 -> 2273.6735 | I35: 0.015 | J35: 0.0334 | K35: 0.049 | L35: 639 | M35: 0.0511 | N35: 0.0901 | O35: 14345 | P35: 1032 | Q35: 0.0107 | R35: 4 | S35: 1 | V35: =L35/B35 -> 0.85887097 | W35: =T35-T34 -> 0 | X35: =U35-U34 -> 0 | AA35: =(C29+C30+C31+C32+C33+C34+C35)/(C22+C23+C24+C25+C26+C27+C28) -> 1.0607143 | AB35: =SUM(AA29:AA35)/7 -> 1.5516574 | AC35: =SUM(C29:C35)/7 -> 42.428571 | AD35: =SUM(R29:R35)/7 -> 3.4285714 | AE35: =SUM(P29:P35)/7 -> 1283 | AF35: =SUM(Q29:Q35)/7 -> 0.033785714 | AM35: =SUM(S29:S35)/7 -> 4.7142857
A36: 43928 | B36: 817 | C36: 73 | D36: 47 | E36: 71 | F36: 23746 | G36: =F36/9.8 -> 2423.0612 | I36: 0.0981 | J36: 0.0344 | K36: 0.066 | L36: 699 | M36: 0.0575 | N36: 0.0869 | O36: 14997 | P36: 1464 | Q36: 0.0499 | R36: 9 | S36: 4 | V36: =L36/B36 -> 0.85556916 | W36: =T36-T35 -> 0 | X36: =U36-U35 -> 0 | AA36: =(C30+C31+C32+C33+C34+C35+C36)/(C23+C24+C25+C26+C27+C28+C29) -> 1.0655738 | AB36: =SUM(AA30:AA36)/7 -> 1.3858426 | AC36: =SUM(C30:C36)/7 -> 46.428571 | AD36: =SUM(R30:R36)/7 -> 4.4285714 | AE36: =SUM(P30:P36)/7 -> 1371.4286 | AF36: =SUM(Q30:Q36)/7 -> 0.0333 | AM36: =SUM(S30:S36)/7 -> 4.8571429
A37: 43929 | B37: 895 | C37: 78 | D37: 58 | E37: 94 | F37: 25748 | G37: =F37/9.8 -> 2627.3469 | I37: 0.0955 | J37: 0.0348 | K37: 0.084 | L37: 743 | M37: 0.0648 | N37: 0.105 | O37: 15481 | P37: 2002 | Q37: 0.039 | R37: 11 | S37: 23 | V37: =L37/B37 -> 0.8301676 | W37: =T37-T36 -> 0 | X37: =U37-U36 -> 0 | AA37: =(C31+C32+C33+C34+C35+C36+C37)/(C24+C25+C26+C27+C28+C29+C30) -> 1.2374582 | AB37: =SUM(AA31:AA37)/7 -> 1.3083707 | AC37: =SUM(C31:C37)/7 -> 52.857143 | AD37: =SUM(R31:R37)/7 -> 5.4285714 | AE37: =SUM(P31:P37)/7 -> 1505.7143 | AF37: =SUM(Q31:Q37)/7 -> 0.034428571 | AM37: =SUM(S31:S37)/7 -> 7.7142857
A38: 43930 | B38: 980 | C38: 85 | D38: 66 | E38: 96 | F38: 27826 | G38: =F38/9.8 -> 2839.3878 | I38: 0.095 | J38: 0.0352 | K38: 0.081 | L38: 818 | M38: 0.0673 | N38: 0.098 | O38: 16006 | P38: 2078 | Q38: 0.0409 | R38: 8 | S38: 2 | V38: =L38/B38 -> 0.83469388 | W38: =T38-T37 -> 0 | X38: =U38-U37 -> 0 | AA38: =(C32+C33+C34+C35+C36+C37+C38)/(C25+C26+C27+C28+C29+C30+C31) -> 1.2191358 | AB38: =SUM(AA32:AA38)/7 -> 1.2363323 | AC38: =SUM(C32:C38)/7 -> 56.428571 | AD38: =SUM(R32:R38)/7 -> 6.4285714 | AE38: =SUM(P32:P38)/7 -> 1632.1429 | AF38: =SUM(Q32:Q38)/7 -> 0.033085714 | AM38: =SUM(S32:S38)/7 -> 7.7142857
A39: 43931 | B39: 1190 | C39: 210 | D39: 77 | E39: 112 | F39: 29948 | G39: =F39/9.8 -> 3055.9184 | I39: 0.2143 | J39: 0.0397 | K39: 0.076 | L39: 1001 | M39: 0.0647 | N39: 0.0941 | O39: 16006 | P39: 2122 | Q39: 0.099 | R39: 11 | S39: 16 | V39: =L39/B39 -> 0.84117647 | W39: =T39-T38 -> 0 | X39: =U39-U38 -> 0 | AA39: =(C33+C34+C35+C36+C37+C38+C39)/(C26+C27+C28+C29+C30+C31+C32) -> 1.755418 | AB39: =SUM(AA33:AA39)/7 -> 1.2724884 | AC39: =SUM(C33:C39)/7 -> 81 | AD39: =SUM(R33:R39)/7 -> 7.2857143 | AE39: =SUM(P33:P39)/7 -> 1739.8571 | AF39: =SUM(Q33:Q39)/7 -> 0.043257143 | AM39: =SUM(S33:S39)/7 -> 9.8571429
A40: 43932 | B40: 1310 | C40: 120 | D40: 85 | E40: 115 | F40: 31961 | G40: =F40/9.8 -> 3261.3265 | I40: 0.1008 | J40: 0.041 | K40: 0.067 | L40: 1110 | M40: 0.0649 | N40: 0.0878 | O40: 17490 | P40: 2013 | Q40: 0.0596 | R40: 8 | S40: 3 | V40: =L40/B40 -> 0.84732824 | W40: =T40-T39 -> 0 | X40: =U40-U39 -> 0 | AA40: =(C34+C35+C36+C37+C38+C39+C40)/(C27+C28+C29+C30+C31+C32+C33) -> 1.8865672 | AB40: =SUM(AA34:AA40)/7 -> 1.3425932 | AC40: =SUM(C34:C40)/7 -> 90.285714 | AD40: =SUM(R34:R40)/7 -> 7.5714286 | AE40: =SUM(P34:P40)/7 -> 1791 | AF40: =SUM(Q34:Q40)/7 -> 0.047028571 | AM40: =SUM(S34:S40)/7 -> 8.1428571
A41: 43933 | B41: 1410 | C41: 100 | D41: 99 | E41: 118 | F41: 33532 | G41: =F41/9.8 -> 3421.6327 | I41: 0.0763 | J41: 0.042 | K41: 0.049 | L41: 1193 | M41: 0.0702 | N41: 0.0837 | O41: 15333 | P41: 1571 | Q41: 0.0637 | R41: 14 | S41: 3 | V41: =L41/B41 -> 0.84609929 | W41: =T41-T40 -> 0 | X41: =U41-U40 -> 0 | AA41: =(C35+C36+C37+C38+C39+C40+C41)/(C28+C29+C30+C31+C32+C33+C34) -> 2.0830769 | AB41: =SUM(AA35:AA41)/7 -> 1.4725634 | AC41: =SUM(C35:C41)/7 -> 96.714286 | AD41: =SUM(R35:R41)/7 -> 9.2857143 | AE41: =SUM(P35:P41)/7 -> 1754.5714 | AF41: =SUM(Q35:Q41)/7 -> 0.051828571 | AM41: =SUM(S35:S41)/7 -> 7.4285714
A42: 43934 | B42: 1458 | C42: 48 | D42: 109 | E42: 120 | F42: 34819 | G42: =F42/9.8 -> 3552.9592 | I42: 0.034 | J42: 0.0419 | K42: 0.038 | L42: 1229 | M42: 0.0748 | N42: 0.0823 | O42: 15333 | P42: 1287 | Q42: 0.0373 | R42: 10 | S42: 2 | V42: =L42/B42 -> 0.84293553 | W42: =T42-T41 -> 0 | X42: =U42-U41 -> 0 | AA42: =(C36+C37+C38+C39+C40+C41+C42)/(C29+C30+C31+C32+C33+C34+C35) -> 2.4040404 | AB42: =SUM(AA36:AA42)/7 -> 1.6644672 | AC42: =SUM(C36:C42)/7 -> 102 | AD42: =SUM(R36:R42)/7 -> 10.142857 | AE42: =SUM(P36:P42)/7 -> 1791 | AF42: =SUM(Q36:Q42)/7 -> 0.055628571 | AM42: =SUM(S36:S42)/7 -> 7.5714286
A43: 43935 | B43: 1512 | C43: 54 | D43: 122 | E43: 122 | F43: 35825 | G43: =F43/9.8 -> 3655.6122 | I43: 0.037 | J43: 0.0422 | K43: 0.029 | L43: 1268 | M43: 0.0807 | N43: 0.0807 | O43: 14355 | P43: 1006 | Q43: 0.0537 | R43: 13 | S43: 2 | V43: =L43/B43 -> 0.83862434 | W43: =T43-T42 -> 0 | X43: =U43-U42 -> 0 | AA43: =(C37+C38+C39+C40+C41+C42+C43)/(C30+C31+C32+C33+C34+C35+C36) -> 2.1384615 | AB43: =SUM(AA37:AA43)/7 -> 1.8177369 | AC43: =SUM(C37:C43)/7 -> 99.285714 | AD43: =SUM(R37:R43)/7 -> 10.714286 | AE43: =SUM(P37:P43)/7 -> 1725.5714 | AF43: =SUM(Q37:Q43)/7 -> 0.056171429 | AM43: =SUM(S37:S43)/7 -> 7.2857143
A44: 43936 | B44: 1579 | C44: 67 | D44: 134 | E44: 192 | F44: 37326 | G44: =F44/9.8 -> 3808.7755 | I44: 0.0443 | J44: 0.0423 | K44: 0.042 | L44: 1253 | M44: 0.0849 | N44: 0.1216 | O44: 13360 | P44: 1501 | Q44: 0.0446 | R44: 12 | S44: 70 | V44: =L44/B44 -> 0.79354022 | W44: =T44-T43 -> 0 | X44: =U44-U43 -> 0 | AA44: =(C38+C39+C40+C41+C42+C43+C44)/(C31+C32+C33+C34+C35+C36+C37) -> 1.8486486 | AB44: =SUM(AA38:AA44)/7 -> 1.9050498 | AC44: =SUM(C38:C44)/7 -> 97.714286 | AD44: =SUM(R38:R44)/7 -> 10.857143 | AE44: =SUM(P38:P44)/7 -> 1654 | AF44: =SUM(Q38:Q44)/7 -> 0.056971429 | AM44: =SUM(S38:S44)/7 -> 14
A45: 43937 | B45: 1652 | C45: 73 | D45: 142 | E45: 199 | F45: 38489 | G45: =F45/9.8 -> 3927.449 | I45: 0.0462 | J45: 0.0429 | K45: 0.031 | L45: 1311 | M45: 0.086 | N45: 0.1205 | O45: 12737 | P45: 1163 | Q45: 0.0628 | R45: 8 | S45: 7 | T45: 729 | U45: 60 | V45: =L45/B45 -> 0.79358354 | W45: =T45-T44 -> 729 | X45: =U45-U44 -> 60 | Y45: =T45/L45 -> 0.55606407 | Z45: =U45/T45 -> 0.082304527 | AA45: =(C39+C40+C41+C42+C43+C44+C45)/(C32+C33+C34+C35+C36+C37+C38) -> 1.7012658 | AB45: =SUM(AA39:AA45)/7 -> 1.9739255 | AC45: =SUM(C39:C45)/7 -> 96 | AD45: =SUM(R39:R45)/7 -> 10.857143 | AE45: =SUM(P39:P45)/7 -> 1523.2857 | AF45: =SUM(Q39:Q45)/7 -> 0.0601 | AM45: =SUM(S39:S45)/7 -> 14.714286
A46: 43938 | B46: 1763 | C46: 111 | D46: 156 | E46: 207 | F46: 41590 | G46: =F46/9.8 -> 4243.8776 | I46: 0.0672 | J46: 0.0424 | K46: 0.081 | L46: 1400 | M46: 0.0885 | N46: 0.1174 | O46: 12401 | P46: 3101 | Q46: 0.0358 | R46: 14 | S46: 8 | T46: 847 | U46: 63 | V46: =L46/B46 -> 0.79410096 | W46: =T46-T45 -> 118 | X46: =U46-U45 -> 3 | Y46: =T46/L46 -> 0.605 | Z46: =U46/T46 -> 0.074380165 | AA46: =(C40+C41+C42+C43+C44+C45+C46)/(C33+C34+C35+C36+C37+C38+C39) -> 1.010582 | AB46: =SUM(AA40:AA46)/7 -> 1.8675204 | AC46: =SUM(C40:C46)/7 -> 81.857143 | AD46: =SUM(R40:R46)/7 -> 11.285714 | AE46: =SUM(P40:P46)/7 -> 1663.1429 | AF46: =SUM(Q40:Q46)/7 -> 0.051071429 | AM46: =SUM(S40:S46)/7 -> 13.571429
A47: 43939 | B47: 1834 | C47: 71 | D47: 172 | E47: 231 | F47: 43901 | G47: =F47/9.8 -> 4479.6939 | I47: 0.0403 | J47: 0.0418 | K47: 0.056 | L47: 1431 | M47: 0.0938 | N47: 0.126 | O47: 12150 | P47: 2311 | Q47: 0.0307 | R47: 16 | S47: 24 | T47: 829 | U47: 60 | V47: =L47/B47 -> 0.78026172 | W47: =T47-T46 -> -18 | X47: =U47-U46 -> -3 | Y47: =T47/L47 -> 0.57931516 | Z47: =U47/T47 -> 0.072376357 | AA47: =(C41+C42+C43+C44+C45+C46+C47)/(C34+C35+C36+C37+C38+C39+C40) -> 0.82911392 | AB47: =SUM(AA41:AA47)/7 -> 1.7164556 | AC47: =SUM(C41:C47)/7 -> 74.857143 | AD47: =SUM(R41:R47)/7 -> 12.428571 | AE47: =SUM(P41:P47)/7 -> 1705.7143 | AF47: =SUM(Q41:Q47)/7 -> 0.046942857 | AM47: =SUM(S41:S47)/7 -> 16.571429
A48: 43940 | B48: 1916 | C48: 82 | D48: 189 | E48: 250 | F48: 46353 | G48: =F48/9.8 -> 4729.898 | I48: 0.0447 | J48: 0.0413 | K48: 0.056 | L48: 1477 | M48: 0.0986 | N48: 0.1305 | O48: 11959 | P48: 2452 | Q48: 0.0334 | R48: 17 | S48: 19 | T48: 784 | U48: 61 | V48: =L48/B48 -> 0.77087683 | W48: =T48-T47 -> -45 | X48: =U48-U47 -> 1 | Y48: =T48/L48 -> 0.53080569 | Z48: =U48/T48 -> 0.077806122 | AA48: =(C42+C43+C44+C45+C46+C47+C48)/(C35+C36+C37+C38+C39+C40+C41) -> 0.74741507 | AB48: =SUM(AA42:AA48)/7 -> 1.5256468 | AC48: =SUM(C42:C48)/7 -> 72.285714 | AD48: =SUM(R42:R48)/7 -> 12.857143 | AE48: =SUM(P42:P48)/7 -> 1831.5714 | AF48: =SUM(Q42:Q48)/7 -> 0.042614286 | AM48: =SUM(S42:S48)/7 -> 18.857143
A49: 43941 | B49: 1984 | C49: 68 | D49: 199 | E49: 267 | F49: 48057 | G49: =F49/9.8 -> 4903.7755 | I49: 0.0355 | J49: 0.0413 | K49: 0.037 | L49: 1518 | M49: 0.1003 | N49: 0.1346 | O49: 11240 | P49: 1704 | Q49: 0.0399 | R49: 10 | S49: 17 | T49: 811 | U49: 60 | V49: =L49/B49 -> 0.76512097 | W49: =T49-T48 -> 27 | X49: =U49-U48 -> -1 | Y49: =T49/L49 -> 0.5342556 | Z49: =U49/T49 -> 0.073982737 | AA49: =(C43+C44+C45+C46+C47+C48+C49)/(C36+C37+C38+C39+C40+C41+C42) -> 0.73669468 | AB49: =SUM(AA43:AA49)/7 -> 1.2874545 | AC49: =SUM(C43:C49)/7 -> 75.142857 | AD49: =SUM(R43:R49)/7 -> 12.857143 | AE49: =SUM(P43:P49)/7 -> 1891.1429 | AF49: =SUM(Q43:Q49)/7 -> 0.042985714 | AM49: =SUM(S43:S49)/7 -> 21
A50: 43942 | B50: 2098 | C50: 114 | D50: 213 | E50: 287 | F50: 50052 | G50: =F50/9.8 -> 5107.3469 | I50: 0.0575 | J50: 0.0419 | K50: 0.042 | L50: 1598 | M50: 0.1015 | N50: 0.1368 | O50: 11172 | P50: 1995 | Q50: 0.0571 | R50: 14 | S50: 20 | T50: 842 | U50: 82 | V50: =L50/B50 -> 0.76167779 | W50: =T50-T49 -> 31 | X50: =U50-U49 -> 22 | Y50: =T50/L50 -> 0.52690864 | Z50: =U50/T50 -> 0.097387173 | AA50: =(C44+C45+C46+C47+C48+C49+C50)/(C37+C38+C39+C40+C41+C42+C43) -> 0.84316547 | AB50: =SUM(AA44:AA50)/7 -> 1.1024122 | AC50: =SUM(C44:C50)/7 -> 83.714286 | AD50: =SUM(R44:R50)/7 -> 13 | AE50: =SUM(P44:P50)/7 -> 2032.4286 | AF50: =SUM(Q44:Q50)/7 -> 0.043471429 | AM50: =SUM(S44:S50)/7 -> 23.571429
A51: 43943 | B51: 2168 | C51: 70 | D51: 225 | E51: 295 | F51: 52702 | G51: =F51/9.8 -> 5377.7551 | I51: 0.0334 | J51: 0.0411 | K51: 0.053 | L51: 1648 | M51: 0.1038 | N51: 0.1361 | O51: 11049 | P51: 2650 | Q51: 0.0264 | R51: 12 | S51: 8 | T51: 825 | U51: 63 | V51: =L51/B51 -> 0.7601476 | W51: =T51-T50 -> -17 | X51: =U51-U50 -> -19 | Y51: =T51/L51 -> 0.5006068 | Z51: =U51/T51 -> 0.076363636 | AA51: =(C45+C46+C47+C48+C49+C50+C51)/(C38+C39+C40+C41+C42+C43+C44) -> 0.86111111 | AB51: =SUM(AA45:AA51)/7 -> 0.96133544 | AC51: =SUM(C45:C51)/7 -> 84.142857 | AD51: =SUM(R45:R51)/7 -> 13 | AE51: =SUM(P45:P51)/7 -> 2196.5714 | AF51: =SUM(Q45:Q51)/7 -> 0.040871429 | AM51: =SUM(S45:S51)/7 -> 14.714286
A52: 43944 | B52: 2284 | C52: 116 | D52: 239 | E52: 390 | F52: 55390 | G52: =F52/9.8 -> 5652.0408 | I52: 0.0535 | J52: 0.0412 | K52: 0.051 | L52: 1655 | M52: 0.1046 | N52: 0.1708 | O52: 10942 | P52: 2688 | Q52: 0.0432 | R52: 14 | S52: 95 | T52: 850 | U52: 61 | V52: =L52/B52 -> 0.72460595 | W52: =T52-T51 -> 25 | X52: =U52-U51 -> -2 | Y52: =T52/L52 -> 0.51359517 | Z52: =U52/T52 -> 0.071764706 | AA52: =(C46+C47+C48+C49+C50+C51+C52)/(C39+C40+C41+C42+C43+C44+C45) -> 0.94047619 | AB52: =SUM(AA46:AA52)/7 -> 0.85265121 | AC52: =SUM(C46:C52)/7 -> 90.285714 | AD52: =SUM(R46:R52)/7 -> 13.857143 | AE52: =SUM(P46:P52)/7 -> 2414.4286 | AF52: =SUM(Q46:Q52)/7 -> 0.038071429 | AM52: =SUM(S46:S52)/7 -> 27.285714
A53: 43945 | B53: 2383 | C53: 99 | D53: 250 | E53: 401 | F53: 58251 | G53: =F53/9.8 -> 5943.9796 | I53: 0.0433 | J53: 0.0409 | K53: 0.052 | L53: 1732 | M53: 0.1049 | N53: 0.1683 | O53: 10942 | P53: 2861 | Q53: 0.0346 | R53: 11 | S53: 11 | T53: 877 | U53: 61 | V53: =L53/B53 -> 0.72681494 | W53: =T53-T52 -> 27 | X53: =U53-U52 -> 0 | Y53: =T53/L53 -> 0.50635104 | Z53: =U53/T53 -> 0.069555302 | AA53: =(C47+C48+C49+C50+C51+C52+C53)/(C40+C41+C42+C43+C44+C45+C46) -> 1.0820244 | AB53: =SUM(AA47:AA53)/7 -> 0.86285727 | AC53: =SUM(C47:C53)/7 -> 88.571429 | AD53: =SUM(R47:R53)/7 -> 13.428571 | AE53: =SUM(P47:P53)/7 -> 2380.1429 | AF53: =SUM(Q47:Q53)/7 -> 0.0379 | AM53: =SUM(S47:S53)/7 -> 27.714286
A54: 43946 | B54: 2443 | C54: 60 | D54: 262 | E54: 458 | F54: 60801 | G54: =F54/9.8 -> 6204.1837 | I54: 0.0252 | J54: 0.0402 | K54: 0.044 | L54: 1723 | M54: 0.1072 | N54: 0.1875 | O54: 10942 | P54: 2550 | Q54: 0.0235 | R54: 12 | S54: 57 | T54: 899 | U54: 54 | V54: =L54/B54 -> 0.70528039 | W54: =T54-T53 -> 22 | X54: =U54-U53 -> -7 | Y54: =T54/L54 -> 0.52176436 | Z54: =U54/T54 -> 0.060066741 | AA54: =(C48+C49+C50+C51+C52+C53+C54)/(C41+C42+C43+C44+C45+C46+C47) -> 1.1622137 | AB54: =SUM(AA48:AA54)/7 -> 0.91044296 | AC54: =SUM(C48:C54)/7 -> 87 | AD54: =SUM(R48:R54)/7 -> 12.857143 | AE54: =SUM(P48:P54)/7 -> 2414.2857 | AF54: =SUM(Q48:Q54)/7 -> 0.036871429 | AM54: =SUM(S48:S54)/7 -> 32.428571
A55: 43947 | B55: 2500 | C55: 57 | D55: 272 | E55: 485 | F55: 63505 | G55: =F55/9.8 -> 6480.102 | I55: 0.0233 | J55: 0.0394 | K55: 0.044 | L55: 1743 | M55: 0.1088 | N55: 0.194 | O55: 9589 | P55: 2704 | Q55: 0.0211 | R55: 10 | S55: 27 | T55: 927 | U55: 56 | V55: =L55/B55 -> 0.6972 | W55: =T55-T54 -> 28 | X55: =U55-U54 -> 2 | Y55: =T55/L55 -> 0.53184165 | Z55: =U55/T55 -> 0.060409924 | AA55: =(C49+C50+C51+C52+C53+C54+C55)/(C42+C43+C44+C45+C46+C47+C48) -> 1.1541502 | AB55: =SUM(AA49:AA55)/7 -> 0.96854797 | AC55: =SUM(C49:C55)/7 -> 83.428571 | AD55: =SUM(R49:R55)/7 -> 11.857143 | AE55: =SUM(P49:P55)/7 -> 2450.2857 | AF55: =SUM(Q49:Q55)/7 -> 0.035114286 | AM55: =SUM(S49:S55)/7 -> 33.571429
A56: 43948 | B56: 2583 | C56: 83 | D56: 280 | E56: 498 | F56: 65625 | G56: =F56/9.8 -> 6696.4286 | I56: 0.0332 | J56: 0.0394 | K56: 0.033 | L56: 1805 | M56: 0.1084 | N56: 0.1928 | O56: 9829 | P56: 2120 | Q56: 0.0392 | R56: 8 | S56: 13 | T56: 931 | U56: 52 | V56: =L56/B56 -> 0.69879985 | W56: =T56-T55 -> 4 | X56: =U56-U55 -> -4 | Y56: =T56/L56 -> 0.51578947 | Z56: =U56/T56 -> 0.055853921 | AA56: =(C50+C51+C52+C53+C54+C55+C56)/(C43+C44+C45+C46+C47+C48+C49) -> 1.1387833 | AB56: =SUM(AA50:AA56)/7 -> 1.0259892 | AC56: =SUM(C50:C56)/7 -> 85.571429 | AD56: =SUM(R50:R56)/7 -> 11.571429 | AE56: =SUM(P50:P56)/7 -> 2509.7143 | AF56: =SUM(Q50:Q56)/7 -> 0.035014286 | AM56: =SUM(S50:S56)/7 -> 33
... A66: 43958 | B66: 3150 | C66: 39 | D66: 383 | E66: 801 | F66: 94036 | G66: =F66/9.8 -> 9595.5102 | I66: 0.0125 | J66: 0.0335 | K66: 0.06 | L66: 1966 | M66: 0.1216 | N66: 0.2543 | O66: 10956 | P66: 5301 | Q66: 0.0074 | R66: 10 | S66: 42 | T66: 968 | U66: 50 | V66: =L66/B66 -> 0.62412698 | W66: =T66-T65 -> 4 | X66: =U66-U65 -> 0 | Y66: =T66/L66 -> 0.4923703 | Z66: =U66/T66 -> 0.051652893 | AA66: =(C60+C61+C62+C63+C64+C65+C66)/(C53+C54+C55+C56+C57+C58+C59) -> 0.76374745 | AB66: =SUM(AA60:AA66)/7 -> 0.77236852 | AC66: =SUM(C60:C66)/7 -> 53.571429 | AD66: =SUM(R60:R66)/7 -> 10.142857 | AE66: =SUM(P60:P66)/7 -> 3012.1429 | AF66: =SUM(Q60:Q66)/7 -> 0.019 | AM66: =SUM(S60:S66)/7 -> 31.428571
A67: 43959 | B67: 3178 | C67: 28 | D67: 392 | E67: 865 | F67: 99058 | G67: =F67/9.8 -> 10107.959 | I67: 0.0089 | J67: 0.0321 | K67: 0.053 | L67: 1921 | M67: 0.1233 | N67: 0.2722 | O67: 11036 | P67: 5022 | Q67: 0.0056 | R67: 9 | S67: 64 | T67: 891 | V67: =L67/B67 -> 0.60446822 | W67: =T67-T66 -> -77 | X67: =U67-U66 -> -50 | Y67: =T67/L67 -> 0.46382093 | Z67: =U67/T67 -> 0 | AA67: =(C61+C62+C63+C64+C65+C66+C67)/(C54+C55+C56+C57+C58+C59+C60) -> 0.65625 | AB67: =SUM(AA61:AA67)/7 -> 0.75551944 | AC67: =SUM(C61:C67)/7 -> 45 | AD67: =SUM(R61:R67)/7 -> 9.8571429 | AE67: =SUM(P61:P67)/7 -> 3246.7143 | AF67: =SUM(Q61:Q67)/7 -> 0.016085714 | AM67: =SUM(S61:S67)/7 -> 36.571429
A68: 43960 | B68: 3213 | C68: 35 | D68: 405 | E68: 904 | F68: 103258 | G68: =F68/9.8 -> 10536.531 | I68: 0.011 | J68: 0.0311 | K68: 0.042 | L68: 1904 | M68: 0.1261 | N68: 0.2814 | O68: 10927 | P68: 4200 | Q68: 0.0083 | R68: 13 | S68: 39 | T68: 875 | V68: =L68/B68 -> 0.59259259 | W68: =T68-T67 -> -16 | X68: =U68-U67 -> 0 | Y68: =T68/L68 -> 0.45955882 | Z68: =U68/T68 -> 0 | AA68: =(C62+C63+C64+C65+C66+C67+C68)/(C55+C56+C57+C58+C59+C60+C61) -> 0.54308617 | AB68: =SUM(AA62:AA68)/7 -> 0.71604946 | AC68: =SUM(C62:C68)/7 -> 38.714286 | AD68: =SUM(R62:R68)/7 -> 10 | AE68: =SUM(P62:P68)/7 -> 3386.7143 | AF68: =SUM(Q62:Q68)/7 -> 0.013771429 | AM68: =SUM(S62:S68)/7 -> 39.857143
A69: 43961 | B69: 3263 | C69: 50 | D69: 413 | E69: 933 | F69: 108257 | G69: =F69/9.8 -> 11046.633 | I69: 0.0156 | J69: 0.0301 | K69: 0.048 | L69: 1917 | M69: 0.1266 | N69: 0.2859 | O69: 10356 | P69: 4999 | Q69: 0.01 | R69: 8 | S69: 29 | T69: 812 | U69: 50 | V69: =L69/B69 -> 0.58749617 | W69: =T69-T68 -> -63 | X69: =U69-U68 -> 50 | Y69: =T69/L69 -> 0.42357851 | Z69: =U69/T69 -> 0.061576355 | AA69: =(C63+C64+C65+C66+C67+C68+C69)/(C56+C57+C58+C59+C60+C61+C62) -> 0.53212851 | AB69: =SUM(AA63:AA69)/7 -> 0.67024786 | AC69: =SUM(C63:C69)/7 -> 37.857143 | AD69: =SUM(R63:R69)/7 -> 10.428571 | AE69: =SUM(P63:P69)/7 -> 3749.5714 | AF69: =SUM(Q63:Q69)/7 -> 0.011942857 | AM69: =SUM(S63:S69)/7 -> 43.428571
A70: 43962 | B70: 3284 | C70: 21 | D70: 421 | E70: 958 | F70: 112165 | G70: =F70/9.8 -> 11445.408 | I70: 0.0064 | J70: 0.0293 | K70: 0.036 | L70: 1905 | M70: 0.1282 | N70: 0.2917 | O70: 10955 | P70: 3908 | Q70: 0.0054 | R70: 8 | S70: 25 | T70: 782 | U70: 45 | V70: =L70/B70 -> 0.58008526 | W70: =T70-T69 -> -30 | X70: =U70-U69 -> -5 | Y70: =T70/L70 -> 0.41049869 | Z70: =U70/T70 -> 0.057544757 | AA70: =(C64+C65+C66+C67+C68+C69+C70)/(C57+C58+C59+C60+C61+C62+C63) -> 0.55088496 | AB70: =SUM(AA64:AA70)/7 -> 0.641147 | AC70: =SUM(C64:C70)/7 -> 35.571429 | AD70: =SUM(R64:R70)/7 -> 10 | AE70: =SUM(P64:P70)/7 -> 4029.5714 | AF70: =SUM(Q64:Q70)/7 -> 0.01 | AM70: =SUM(S64:S70)/7 -> 46.857143
A71: 43963 | B71: 3313 | C71: 29 | D71: 425 | E71: 1007 | F71: 114719 | G71: =F71/9.8 -> 11706.02 | I71: 0.0088 | J71: 0.0289 | K71: 0.023 | L71: 1881 | M71: 0.1283 | N71: 0.304 | O71: 11016 | P71: 2554 | Q71: 0.0114 | R71: 4 | S71: 49 | T71: 746 | U71: 45 | V71: =L71/B71 -> 0.56776336 | W71: =T71-T70 -> -36 | X71: =U71-U70 -> 0 | Y71: =T71/L71 -> 0.39659755 | Z71: =U71/T71 -> 0.060321716 | AA71: =(C65+C66+C67+C68+C69+C70+C71)/(C58+C59+C60+C61+C62+C63+C64) -> 0.59615385 | AB71: =SUM(AA65:AA71)/7 -> 0.61845599 | AC71: =SUM(C65:C71)/7 -> 35.428571 | AD71: =SUM(R65:R71)/7 -> 8.8571429 | AE71: =SUM(P65:P71)/7 -> 4166 | AF71: =SUM(Q65:Q71)/7 -> 0.0089428571 | AM71: =SUM(S65:S71)/7 -> 42.571429
A72: 43964 | B72: 3341 | C72: 28 | D72: 430 | E72: 1102 | F72: 118500 | G72: =F72/9.8 -> 12091.837 | I72: 0.0085 | J72: 0.0282 | K72: 0.033 | L72: 1809 | M72: 0.1287 | N72: 0.3298 | O72: 11053 | P72: 3781 | Q72: 0.0074 | R72: 5 | S72: 95 | T72: 688 | U72: 45 | V72: =L72/B72 -> 0.54145465 | W72: =T72-T71 -> -58 | X72: =U72-U71 -> 0 | Y72: =T72/L72 -> 0.38032062 | Z72: =U72/T72 -> 0.065406977 | AA72: =(C66+C67+C68+C69+C70+C71+C72)/(C59+C60+C61+C62+C63+C64+C65) -> 0.59895833 | AB72: =SUM(AA66:AA72)/7 -> 0.60588704 | AC72: =SUM(C66:C72)/7 -> 32.857143 | AD72: =SUM(R66:R72)/7 -> 8.1428571 | AE72: =SUM(P66:P72)/7 -> 4252.1429 | AF72: =SUM(Q66:Q72)/7 -> 0.0079285714 | AM72: =SUM(S66:S72)/7 -> 49
A73: 43965 | B73: 3380 | C73: 39 | D73: 436 | E73: 1169 | F73: 123258 | G73: =F73/9.8 -> 12577.347 | I73: 0.0117 | J73: 0.0274 | K73: 0.04 | L73: 1775 | M73: 0.129 | N73: 0.3459 | O73: 11084 | P73: 4758 | Q73: 0.0082 | R73: 6 | S73: 67 | T73: 658 | U73: 49 | V73: =L73/B73 -> 0.52514793 | W73: =T73-T72 -> -30 | X73: =U73-U72 -> 4 | Y73: =T73/L73 -> 0.37070423 | Z73: =U73/T73 -> 0.074468085 | AA73: =(C67+C68+C69+C70+C71+C72+C73)/(C60+C61+C62+C63+C64+C65+C66) -> 0.61333333 | AB73: =SUM(AA67:AA73)/7 -> 0.58439931 | AC73: =SUM(C67:C73)/7 -> 32.857143 | AD73: =SUM(R67:R73)/7 -> 7.5714286 | AE73: =SUM(P67:P73)/7 -> 4174.5714 | AF73: =SUM(Q67:Q73)/7 -> 0.0080428571 | AM73: =SUM(S67:S73)/7 -> 52.571429
A74: 43966 | B74: 3417 | C74: 37 | D74: 442 | E74: 1287 | F74: 127237 | G74: =F74/9.8 -> 12983.367 | I74: 0.0109 | J74: 0.0269 | K74: 0.032 | L74: 1688 | M74: 0.1294 | N74: 0.3766 | O74: 10954 | P74: 3979 | Q74: 0.0093 | R74: 6 | S74: 118 | T74: 614 | U74: 46 | V74: =L74/B74 -> 0.49400059 | W74: =T74-T73 -> -44 | X74: =U74-U73 -> -3 | Y74: =T74/L74 -> 0.36374408 | Z74: =U74/T74 -> 0.074918567 | AA74: =(C68+C69+C70+C71+C72+C73+C74)/(C61+C62+C63+C64+C65+C66+C67) -> 0.75873016 | AB74: =SUM(AA68:AA74)/7 -> 0.59903933 | AC74: =SUM(C68:C74)/7 -> 34.142857 | AD74: =SUM(R68:R74)/7 -> 7.1428571 | AE74: =SUM(P68:P74)/7 -> 4025.5714 | AF74: =SUM(Q68:Q74)/7 -> 0.0085714286 | AM74: =SUM(S68:S74)/7 -> 60.285714
A75: 43967 | B75: 3473 | C75: 56 | D75: 448 | E75: 1371 | F75: 131429 | G75: =F75/9.8 -> 13411.122 | I75: 0.0164 | J75: 0.0264 | K75: 0.033 | L75: 1654 | M75: 0.129 | N75: 0.3948 | O75: 10742 | P75: 4192 | Q75: 0.0134 | R75: 6 | S75: 84 | T75: 570 | U75: 45 | V75: =L75/B75 -> 0.47624532 | W75: =T75-T74 -> -44 | X75: =U75-U74 -> -1 | Y75: =T75/L75 -> 0.34461911 | Z75: =U75/T75 -> 0.078947368 | AA75: =(C69+C70+C71+C72+C73+C74+C75)/(C62+C63+C64+C65+C66+C67+C68) -> 0.95940959 | AB75: =SUM(AA69:AA75)/7 -> 0.65851411 | AC75: =SUM(C69:C75)/7 -> 37.142857 | AD75: =SUM(R69:R75)/7 -> 6.1428571 | AE75: =SUM(P69:P75)/7 -> 4024.4286 | AF75: =SUM(Q69:Q75)/7 -> 0.0093 | AM75: =SUM(S69:S75)/7 -> 66.714286
A76: 43968 | B76: 3509 | C76: 36 | D76: 451 | E76: 1396 | F76: 135137 | G76: =F76/9.8 -> 13789.49 | I76: 0.0104 | J76: 0.026 | K76: 0.028 | L76: 1662 | M76: 0.1285 | N76: 0.3978 | O76: 10470 | P76: 3708 | Q76: 0.0097 | R76: 3 | S76: 25 | T76: 562 | U76: 47 | V76: =L76/B76 -> 0.47363921 | W76: =T76-T75 -> -8 | X76: =U76-U75 -> 2 | Y76: =T76/L76 -> 0.33814681 | Z76: =U76/T76 -> 0.083629893 | AA76: =(C70+C71+C72+C73+C74+C75+C76)/(C63+C64+C65+C66+C67+C68+C69) -> 0.92830189 | AB76: =SUM(AA70:AA76)/7 -> 0.7151103 | AC76: =SUM(C70:C76)/7 -> 35.142857 | AD76: =SUM(R70:R76)/7 -> 5.4285714 | AE76: =SUM(P70:P76)/7 -> 3840 | AF76: =SUM(Q70:Q76)/7 -> 0.0092571429 | AM76: =SUM(S70:S76)/7 -> 66.142857
A77: 43969 | B77: 3535 | C77: 26 | D77: 462 | E77: 1400 | F77: 137243 | G77: =F77/9.8 -> 14004.388 | I77: 0.0074 | J77: 0.0258 | K77: 0.016 | L77: 1673 | M77: 0.1307 | N77: 0.396 | O77: 10388 | P77: 2106 | Q77: 0.0123 | R77: 11 | S77: 4 | T77: 568 | U77: 46 | V77: =L77/B77 -> 0.47326733 | W77: =T77-T76 -> 6 | X77: =U77-U76 -> -1 | Y77: =T77/L77 -> 0.33950986 | Z77: =U77/T77 -> 0.080985915 | AA77: =(C71+C72+C73+C74+C75+C76+C77)/(C64+C65+C66+C67+C68+C69+C70) -> 1.0080321 | AB77: =SUM(AA71:AA77)/7 -> 0.78041704 | AC77: =SUM(C71:C77)/7 -> 35.857143 | AD77: =SUM(R71:R77)/7 -> 5.8571429 | AE77: =SUM(P71:P77)/7 -> 3582.5714 | AF77: =SUM(Q71:Q77)/7 -> 0.010242857 | AM77: =SUM(S71:S77)/7 -> 63.142857
A78: 43970 | B78: 3556 | C78: 21 | D78: 467 | E78: 1412 | F78: 138697 | G78: =F78/9.8 -> 14152.755 | I78: 0.0059 | J78: 0.0256 | K78: 0.011 | L78: 1677 | M78: 0.1313 | N78: 0.3971 | O78: 10394 | P78: 1454 | Q78: 0.0144 | R78: 5 | S78: 12 | V78: =L78/B78 -> 0.4715973 | W78: =T78-T77 -> -568 | X78: =U78-U77 -> -46 | AA78: =(C72+C73+C74+C75+C76+C77+C78)/(C65+C66+C67+C68+C69+C70+C71) -> 0.97983871 | AB78: =SUM(AA72:AA78)/7 -> 0.83522916 | AC78: =SUM(C72:C78)/7 -> 34.714286 | AD78: =SUM(R72:R78)/7 -> 6 | AE78: =SUM(P72:P78)/7 -> 3425.4286 | AF78: =SUM(Q72:Q78)/7 -> 0.010671429 | AM78: =SUM(S72:S78)/7 -> 57.857143
A79: 43971 | B79: 3598 | C79: 42 | D79: 470 | E79: 1454 | F79: 142729 | G79: =F79/9.8 -> 14564.184 | I79: 0.0118 | J79: 0.0252 | K79: 0.029 | L79: 1674 | M79: 0.1306 | N79: 0.4041 | O79: 10931 | P79: 4032 | Q79: 0.0104 | R79: 3 | S79: 42 | T79: 539 | U79: 29 | V79: =L79/B79 -> 0.46525848 | W79: =T79-T78 -> 539 | X79: =U79-U78 -> 29 | Y79: =T79/L79 -> 0.32198327 | Z79: =U79/T79 -> 0.05380334 | AA79: =(C73+C74+C75+C76+C77+C78+C79)/(C66+C67+C68+C69+C70+C71+C72) -> 1.1173913 | AB79: =SUM(AA73:AA79)/7 -> 0.90929102 | AC79: =SUM(C73:C79)/7 -> 36.714286 | AD79: =SUM(R73:R79)/7 -> 5.7142857 | AE79: =SUM(P73:P79)/7 -> 3461.2857 | AF79: =SUM(Q73:Q79)/7 -> 0.0111 | AM79: =SUM(S73:S79)/7 -> 50.285714
A80: 43972 | B80: 3641 | C80: 43 | D80: 473 | E80: 1509 | F80: 147511 | G80: =F80/9.8 -> 15052.143 | I80: 0.012 | J80: 0.0247 | K80: 0.034 | L80: 1659 | M80: 0.1299 | N80: 0.4144 | O80: 11103 | P80: 4782 | Q80: 0.009 | R80: 3 | S80: 55 | T80: 510 | U80: 27 | V80: =L80/B80 -> 0.45564405 | W80: =T80-T79 -> -29 | X80: =U80-U79 -> -2 | Y80: =T80/L80 -> 0.3074141 | Z80: =U80/T80 -> 0.052941176 | AA80: =(C74+C75+C76+C77+C78+C79+C80)/(C67+C68+C69+C70+C71+C72+C73) -> 1.1347826 | AB80: =SUM(AA74:AA80)/7 -> 0.98378377 | AC80: =SUM(C74:C80)/7 -> 37.285714 | AD80: =SUM(R74:R80)/7 -> 5.2857143 | AE80: =SUM(P74:P80)/7 -> 3464.7143 | AF80: =SUM(Q74:Q80)/7 -> 0.011214286 | AM80: =SUM(S74:S80)/7 -> 48.571429
A81: 43973 | B81: 3678 | C81: 37 | D81: 476 | E81: 1587 | F81: 155801 | G81: =F81/9.8 -> 15898.061 | I81: 0.0102 | J81: 0.0236 | K81: 0.056 | L81: 1615 | M81: 0.1294 | N81: 0.4315 | O81: 11668 | P81: 8290 | Q81: 0.0045 | R81: 3 | S81: 78 | T81: 483 | U81: 23 | V81: =L81/B81 -> 0.43909734 | W81: =T81-T80 -> -27 | X81: =U81-U80 -> -4 | Y81: =T81/L81 -> 0.29907121 | Z81: =U81/T81 -> 0.047619048 | AA81: =(C75+C76+C77+C78+C79+C80+C81)/(C68+C69+C70+C71+C72+C73+C74) -> 1.0920502 | AB81: =SUM(AA75:AA81)/7 -> 1.0314009 | AC81: =SUM(C75:C81)/7 -> 37.285714 | AD81: =SUM(R75:R81)/7 -> 4.8571429 | AE81: =SUM(P75:P81)/7 -> 4080.5714 | AF81: =SUM(Q75:Q81)/7 -> 0.010528571 | AM81: =SUM(S75:S81)/7 -> 42.857143
A82: 43974 | B82: 3713 | C82: 35 | D82: 482 | E82: 1655 | F82: 159260 | G82: =F82/9.8 -> 16251.02 | I82: 0.0095 | J82: 0.0233 | K82: 0.022 | L82: 1576 | M82: 0.1298 | N82: 0.4457 | O82: 11704 | P82: 3459 | Q82: 0.0101 | R82: 6 | S82: 68 | T82: 462 | U82: 21 | V82: =L82/B82 -> 0.42445462 | W82: =T82-T81 -> -21 | X82: =U82-U81 -> -2 | Y82: =T82/L82 -> 0.29314721 | Z82: =U82/T82 -> 0.045454545 | AA82: =(C76+C77+C78+C79+C80+C81+C82)/(C69+C70+C71+C72+C73+C74+C75) -> 0.92307692 | AB82: =SUM(AA76:AA82)/7 -> 1.0262105 | AC82: =SUM(C76:C82)/7 -> 34.285714 | AD82: =SUM(R76:R82)/7 -> 4.8571429 | AE82: =SUM(P76:P82)/7 -> 3975.8571 | AF82: =SUM(Q76:Q82)/7 -> 0.010057143 | AM82: =SUM(S76:S82)/7 -> 40.571429
A83: 43975 | B83: 3741 | C83: 28 | D83: 486 | E83: 1690 | F83: 162925 | G83: =F83/9.8 -> 16625 | I83: 0.0075 | J83: 0.023 | K83: 0.023 | L83: 1565 | M83: 0.1299 | N83: 0.4518 | O83: 11934 | P83: 3665 | Q83: 0.0076 | R83: 4 | S83: 35 | T83: 442 | U83: 28 | V83: =L83/B83 -> 0.41833734 | W83: =T83-T82 -> -20 | X83: =U83-U82 -> 7 | Y83: =T83/L83 -> 0.28242812 | Z83: =U83/T83 -> 0.063348416 | AA83: =(C77+C78+C79+C80+C81+C82+C83)/(C70+C71+C72+C73+C74+C75+C76) -> 0.94308943 | AB83: =SUM(AA77:AA83)/7 -> 1.028323 | AC83: =SUM(C77:C83)/7 -> 33.142857 | AD83: =SUM(R77:R83)/7 -> 5 | AE83: =SUM(P77:P83)/7 -> 3969.7143 | AF83: =SUM(Q77:Q83)/7 -> 0.0097571429 | AM83: =SUM(S77:S83)/7 -> 42
A84: 43976 | B84: 3756 | C84: 15 | D84: 491 | E84: 1711 | F84: 164619 | G84: =F84/9.8 -> 16797.857 | I84: 0.004 | J84: 0.0228 | K84: 0.01 | L84: 1554 | M84: 0.1307 | N84: 0.4555 | O84: 11810 | P84: 1694 | Q84: 0.0089 | R84: 5 | S84: 21 | V84: =L84/B84 -> 0.41373802 | W84: =T84-T83 -> -442 | X84: =U84-U83 -> -28 | AA84: =(C78+C79+C80+C81+C82+C83+C84)/(C71+C72+C73+C74+C75+C76+C77) -> 0.88047809 | AB84: =SUM(AA78:AA84)/7 -> 1.010101 | AC84: =SUM(C78:C84)/7 -> 31.571429 | AD84: =SUM(R78:R84)/7 -> 4.1428571 | AE84: =SUM(P78:P84)/7 -> 3910.8571 | AF84: =SUM(Q78:Q84)/7 -> 0.0092714286 | AM84: =SUM(S78:S84)/7 -> 44.428571
A85: 43977 | B85: 3771 | C85: 15 | D85: 499 | E85: 1836 | F85: 166263 | G85: =F85/9.8 -> 16965.612 | I85: 0.004 | J85: 0.0227 | K85: 0.01 | L85: 1436 | M85: 0.1323 | N85: 0.4869 | O85: 11611 | P85: 1644 | Q85: 0.0091 | R85: 8 | S85: 125 | T85: 436 | U85: 27 | V85: =L85/B85 -> 0.38080085 | W85: =T85-T84 -> 436 | X85: =U85-U84 -> 27 | Y85: =T85/L85 -> 0.30362117 | Z85: =U85/T85 -> 0.061926606 | AA85: =(C79+C80+C81+C82+C83+C84+C85)/(C72+C73+C74+C75+C76+C77+C78) -> 0.88477366 | AB85: =SUM(AA79:AA85)/7 -> 0.99652032 | AC85: =SUM(C79:C85)/7 -> 30.714286 | AD85: =SUM(R79:R85)/7 -> 4.5714286 | AE85: =SUM(P79:P85)/7 -> 3938 | AF85: =SUM(Q79:Q85)/7 -> 0.0085142857 | AM85: =SUM(S79:S85)/7 -> 60.571429
A86: 43978 | B86: 3793 | C86: 22 | D86: 505 | E86: 1856 | F86: 169960 | G86: =F86/9.8 -> 17342.857 | I86: 0.0058 | J86: 0.0223 | K86: 0.022 | L86: 1432 | M86: 0.1331 | N86: 0.4893 | O86: 11616 | P86: 3697 | Q86: 0.006 | R86: 6 | S86: 20 | T86: 430 | U86: 25 | V86: =L86/B86 -> 0.37753757 | W86: =T86-T85 -> -6 | X86: =U86-U85 -> -2 | Y86: =T86/L86 -> 0.30027933 | Z86: =U86/T86 -> 0.058139535 | AA86: =(C80+C81+C82+C83+C84+C85+C86)/(C73+C74+C75+C76+C77+C78+C79) -> 0.75875486 | AB86: =SUM(AA80:AA86)/7 -> 0.94528654 | AC86: =SUM(C80:C86)/7 -> 27.857143 | AD86: =SUM(R80:R86)/7 -> 5 | AE86: =SUM(P80:P86)/7 -> 3890.1429 | AF86: =SUM(Q80:Q86)/7 -> 0.0078857143 | AM86: =SUM(S80:S86)/7 -> 57.428571
A87: 43979 | B87: 3816 | C87: 23 | D87: 509 | E87: 1996 | F87: 174011 | G87: =F87/9.8 -> 17756.224 | I87: 0.0061 | J87: 0.0219 | K87: 0.024 | L87: 1311 | M87: 0.1334 | N87: 0.5231 | O87: 11525 | P87: 4051 | Q87: 0.0057 | R87: 4 | S87: 140 | T87: 404 | U87: 24 | V87: =L87/B87 -> 0.34355346 | W87: =T87-T86 -> -26 | X87: =U87-U86 -> -1 | Y87: =T87/L87 -> 0.30816171 | Z87: =U87/T87 -> 0.059405941 | AA87: =(C81+C82+C83+C84+C85+C86+C87)/(C74+C75+C76+C77+C78+C79+C80) -> 0.67049808 | AB87: =SUM(AA81:AA87)/7 -> 0.87896018 | AC87: =SUM(C81:C87)/7 -> 25 | AD87: =SUM(R81:R87)/7 -> 5.1428571 | AE87: =SUM(P81:P87)/7 -> 3785.7143 | AF87: =SUM(Q81:Q87)/7 -> 0.0074142857 | AM87: =SUM(S81:S87)/7 -> 69.571429
A88: 43980 | B88: 3841 | C88: 25 | D88: 517 | E88: 2024 | F88: 180152 | G88: =F88/9.8 -> 18382.857 | I88: 0.0066 | J88: 0.0213 | K88: 0.035 | L88: 1300 | M88: 0.1346 | N88: 0.5269 | O88: 10763 | P88: 6141 | Q88: 0.0041 | R88: 8 | S88: 28 | T88: 384 | U88: 24 | V88: =L88/B88 -> 0.33845353 | W88: =T88-T87 -> -20 | X88: =U88-U87 -> 0 | Y88: =T88/L88 -> 0.29538462 | Z88: =U88/T88 -> 0.0625 | AA88: =(C82+C83+C84+C85+C86+C87+C88)/(C75+C76+C77+C78+C79+C80+C81) -> 0.62452107 | AB88: =SUM(AA82:AA88)/7 -> 0.8121703 | AC88: =SUM(C82:C88)/7 -> 23.285714 | AD88: =SUM(R82:R88)/7 -> 5.8571429 | AE88: =SUM(P82:P88)/7 -> 3478.7143 | AF88: =SUM(Q82:Q88)/7 -> 0.0073571429 | AM88: =SUM(S82:S88)/7 -> 62.428571
A89: 43981 | B89: 3867 | C89: 26 | D89: 524 | E89: 2142 | F89: 183562 | G89: =F89/9.8 -> 18730.816 | I89: 0.0068 | J89: 0.0211 | K89: 0.019 | L89: 1201 | M89: 0.1355 | N89: 0.5539 | O89: 11408 | P89: 3410 | Q89: 0.0076 | R89: 7 | S89: 118 | T89: 414 | U89: 22 | V89: =L89/B89 -> 0.31057667 | W89: =T89-T88 -> 30 | X89: =U89-U88 -> -2 | Y89: =T89/L89 -> 0.34471274 | Z89: =U89/T89 -> 0.053140097 | AA89: =(C83+C84+C85+C86+C87+C88+C89)/(C76+C77+C78+C79+C80+C81+C82) -> 0.64166667 | AB89: =SUM(AA83:AA89)/7 -> 0.77196884 | AC89: =SUM(C83:C89)/7 -> 22 | AD89: =SUM(R83:R89)/7 -> 6 | AE89: =SUM(P83:P89)/7 -> 3471.7143 | AF89: =SUM(Q83:Q89)/7 -> 0.007 | AM89: =SUM(S83:S89)/7 -> 69.571429
A90: 43982 | B90: 3876 | C90: 9 | D90: 526 | E90: 2147 | F90: 185980 | G90: =F90/9.8 -> 18977.551 | I90: 0.0023 | J90: 0.0208 | K90: 0.013 | L90: 1203 | M90: 0.1357 | N90: 0.5539 | O90: 11540 | P90: 2418 | Q90: 0.0037 | R90: 2 | S90: 5 | T90: 419 | U90: 25 | V90: =L90/B90 -> 0.31037152 | W90: =T90-T89 -> 5 | X90: =U90-U89 -> 3 | Y90: =T90/L90 -> 0.34829593 | Z90: =U90/T90 -> 0.059665871 | AA90: =(C84+C85+C86+C87+C88+C89+C90)/(C77+C78+C79+C80+C81+C82+C83) -> 0.58189655 | AB90: =SUM(AA84:AA90)/7 -> 0.72036986 | AC90: =SUM(C84:C90)/7 -> 19.285714 | AD90: =SUM(R84:R90)/7 -> 5.7142857 | AE90: =SUM(P84:P90)/7 -> 3293.5714 | AF90: =SUM(Q84:Q90)/7 -> 0.0064428571 | AM90: =SUM(S84:S90)/7 -> 65.285714
A91: 43983 | B91: 3892 | C91: 16 | D91: 527 | E91: 2156 | F91: 187965 | G91: =F91/9.8 -> 19180.102 | I91: 0.0041 | J91: 0.0207 | K91: 0.011 | L91: 1209 | M91: 0.1354 | N91: 0.554 | O91: 11226 | P91: 1985 | Q91: 0.0081 | R91: 1 | S91: 9 | T91: 417 | U91: 25 | V91: =L91/B91 -> 0.3106372 | W91: =T91-T90 -> -2 | X91: =U91-U90 -> 0 | Y91: =T91/L91 -> 0.34491315 | Z91: =U91/T91 -> 0.059952038 | AA91: =(C85+C86+C87+C88+C89+C90+C91)/(C78+C79+C80+C81+C82+C83+C84) -> 0.61538462 | AB91: =SUM(AA85:AA91)/7 -> 0.68249936 | AC91: =SUM(C85:C91)/7 -> 19.428571 | AD91: =SUM(R85:R91)/7 -> 5.1428571 | AE91: =SUM(P85:P91)/7 -> 3335.1429 | AF91: =SUM(Q85:Q91)/7 -> 0.0063285714 | AM91: =SUM(S85:S91)/7 -> 63.571429
A92: 43984 | B92: 3921 | C92: 29 | D92: 532 | E92: 2160 | F92: 189969 | G92: =F92/9.8 -> 19384.592 | I92: 0.0075 | J92: 0.0206 | K92: 0.011 | L92: 1229 | M92: 0.1357 | N92: 0.5509 | O92: 11159 | P92: 2004 | Q92: 0.0145 | R92: 5 | S92: 4 | T92: 427 | U92: 24 | V92: =L92/B92 -> 0.31344045 | W92: =T92-T91 -> 10 | X92: =U92-U91 -> -1 | Y92: =T92/L92 -> 0.34743694 | Z92: =U92/T92 -> 0.056206089 | AA92: =(C86+C87+C88+C89+C90+C91+C92)/(C79+C80+C81+C82+C83+C84+C85) -> 0.69767442 | AB92: =SUM(AA86:AA92)/7 -> 0.6557709 | AC92: =SUM(C86:C92)/7 -> 21.428571 | AD92: =SUM(R86:R92)/7 -> 4.7142857 | AE92: =SUM(P86:P92)/7 -> 3386.5714 | AF92: =SUM(Q86:Q92)/7 -> 0.0071 | AM92: =SUM(S86:S92)/7 -> 46.285714
A93: 43985 | B93: 3931 | C93: 10 | D93: 534 | E93: 2190 | F93: 191572 | G93: =F93/9.8 -> 19548.163 | I93: 0.0026 | J93: 0.0205 | K93: 0.008 | L93: 1207 | M93: 0.1358 | N93: 0.5571 | O93: 11172 | P93: 1603 | Q93: 0.0062 | R93: 2 | S93: 30 | T93: 414 | U93: 24 | V93: =L93/B93 -> 0.30704655 | W93: =T93-T92 -> -13 | X93: =U93-U92 -> 0 | Y93: =T93/L93 -> 0.34299917 | Z93: =U93/T93 -> 0.057971014 | AA93: =(C87+C88+C89+C90+C91+C92+C93)/(C80+C81+C82+C83+C84+C85+C86) -> 0.70769231 | AB93: =SUM(AA87:AA93)/7 -> 0.64847625 | AC93: =SUM(C87:C93)/7 -> 19.714286 | AD93: =SUM(R87:R93)/7 -> 4.1428571 | AE93: =SUM(P87:P93)/7 -> 3087.4286 | AF93: =SUM(Q87:Q93)/7 -> 0.0071285714 | AM93: =SUM(S87:S93)/7 -> 47.714286
A94: 43986 | B94: 3954 | C94: 23 | D94: 539 | E94: 2205 | F94: 195894 | G94: =F94/9.8 -> 19989.184 | I94: 0.0059 | J94: 0.0202 | K94: 0.023 | L94: 1210 | M94: 0.1363 | N94: 0.5577 | O94: 10985 | P94: 4322 | Q94: 0.0053 | R94: 5 | S94: 15 | T94: 406 | U94: 24 | V94: =L94/B94 -> 0.30601922 | W94: =T94-T93 -> -8 | X94: =U94-U93 -> 0 | Y94: =T94/L94 -> 0.33553719 | Z94: =U94/T94 -> 0.0591133 | AA94: =(C88+C89+C90+C91+C92+C93+C94)/(C81+C82+C83+C84+C85+C86+C87) -> 0.78857143 | AB94: =SUM(AA88:AA94)/7 -> 0.66534387 | AC94: =SUM(C88:C94)/7 -> 19.714286 | AD94: =SUM(R88:R94)/7 -> 4.2857143 | AE94: =SUM(P88:P94)/7 -> 3126.1429 | AF94: =SUM(Q88:Q94)/7 -> 0.0070714286 | AM94: =SUM(S88:S94)/7 -> 29.857143
A95: 43987 | B95: 3970 | C95: 16 | D95: 542 | E95: 2245 | F95: 202606 | G95: =F95/9.8 -> 20674.082 | I95: 0.004 | J95: 0.0196 | K95: 0.034 | L95: 1183 | M95: 0.1365 | N95: 0.5655 | O95: 9693 | P95: 6712 | Q95: 0.0024 | R95: 3 | S95: 40 | T95: 397 | U95: 21 | V95: =L95/B95 -> 0.29798489 | W95: =T95-T94 -> -9 | X95: =U95-U94 -> -3 | Y95: =T95/L95 -> 0.33558749 | Z95: =U95/T95 -> 0.052896725 | AA95: =(C89+C90+C91+C92+C93+C94+C95)/(C82+C83+C84+C85+C86+C87+C88) -> 0.79141104 | AB95: =SUM(AA89:AA95)/7 -> 0.68918529 | AC95: =SUM(C89:C95)/7 -> 18.428571 | AD95: =SUM(R89:R95)/7 -> 3.5714286 | AE95: =SUM(P89:P95)/7 -> 3207.7143 | AF95: =SUM(Q89:Q95)/7 -> 0.0068285714 | AM95: =SUM(S89:S95)/7 -> 31.571429
A96: 43988 | B96: 3990 | C96: 20 | D96: 545 | E96: 2279 | F96: 206853 | G96: =F96/9.8 -> 21107.449 | I96: 0.005 | J96: 0.0193 | K96: 0.021 | L96: 1166 | M96: 0.1366 | N96: 0.5712 | O96: 10133 | P96: 4247 | Q96: 0.0047 | R96: 3 | S96: 34 | T96: 387 | U96: 21 | V96: =L96/B96 -> 0.29223058 | W96: =T96-T95 -> -10 | X96: =U96-U95 -> 0 | Y96: =T96/L96 -> 0.33190395 | Z96: =U96/T96 -> 0.054263566 | AA96: =(C90+C91+C92+C93+C94+C95+C96)/(C83+C84+C85+C86+C87+C88+C89) -> 0.7987013 | AB96: =SUM(AA90:AA96)/7 -> 0.71161881 | AC96: =SUM(C90:C96)/7 -> 17.571429 | AD96: =SUM(R90:R96)/7 -> 3 | AE96: =SUM(P90:P96)/7 -> 3327.2857 | AF96: =SUM(Q90:Q96)/7 -> 0.0064142857 | AM96: =SUM(S90:S96)/7 -> 19.571429
... A98: 43990 | B98: 4014 | C98: 6 | D98: 548 | E98: 2284 | F98: 210749 | G98: =F98/9.8 -> 21505 | I98: 0.0015 | J98: 0.019 | K98: 0.003 | L98: 1182 | M98: 0.1365 | N98: 0.569 | O98: 9665 | P98: 547 | Q98: 0.011 | R98: 1 | S98: 5 | T98: 385 | U98: 21 | V98: =L98/B98 -> 0.29446936 | W98: =T98-T97 -> -1 | X98: =U98-U97 -> 0 | Y98: =T98/L98 -> 0.32571912 | Z98: =U98/T98 -> 0.054545455 | AA98: =(C92+C93+C94+C95+C96+C97+C98)/(C85+C86+C87+C88+C89+C90+C91) -> 0.89705882 | AB98: =SUM(AA92:AA98)/7 -> 0.80841244 | AC98: =SUM(C92:C98)/7 -> 17.428571 | AD98: =SUM(R92:R98)/7 -> 2.8571429 | AE98: =SUM(P92:P98)/7 -> 3254.8571 | AF98: =SUM(Q92:Q98)/7 -> 0.0070714286 | AM98: =SUM(S92:S98)/7 -> 18.285714
A99: 43991 | B99: 4017 | C99: 3 | D99: 550 | E99: 2324 | F99: 214468 | G99: =F99/9.8 -> 21884.49 | I99: 0.0007 | J99: 0.0187 | K99: 0.018 | L99: 1143 | M99: 0.1369 | N99: 0.5785 | P99: 3719 | Q99: 0.0008 | R99: 2 | S99: 40 | T99: 365 | U99: 20 | V99: =L99/B99 -> 0.2845407 | W99: =T99-T98 -> -20 | X99: =U99-U98 -> -1 | Y99: =T99/L99 -> 0.31933508 | Z99: =U99/T99 -> 0.054794521 | AA99: =(C93+C94+C95+C96+C97+C98+C99)/(C86+C87+C88+C89+C90+C91+C92) -> 0.64 | AB99: =SUM(AA93:AA99)/7 -> 0.80017324 | AC99: =SUM(C93:C99)/7 -> 13.714286 | AD99: =SUM(R93:R99)/7 -> 2.4285714 | AE99: =SUM(P93:P99)/7 -> 3499.8571 | AF99: =SUM(Q93:Q99)/7 -> 0.0051142857 | AM99: =SUM(S93:S99)/7 -> 23.428571
A100: 43992 | B100: 4027 | C100: 10 | D100: 551 | E100: 2355 | F100: 217689 | G100: =F100/9.8 -> 22213.163 | I100: 0.0025 | J100: 0.0185 | K100: 0.015 | L100: 1121 | M100: 0.1368 | N100: 0.5848 | O100: 8805 | P100: 3221 | Q100: 0.0031 | R100: 1 | S100: 31 | T100: 344 | U100: 20 | V100: =L100/B100 -> 0.278371 | W100: =T100-T99 -> -21 | X100: =U100-U99 -> 0 | Y100: =T100/L100 -> 0.30686887 | Z100: =U100/T100 -> 0.058139535 | AA100: =(C94+C95+C96+C97+C98+C99+C100)/(C87+C88+C89+C90+C91+C92+C93) -> 0.69565217 | AB100: =SUM(AA94:AA100)/7 -> 0.79845322 | AC100: =SUM(C94:C100)/7 -> 13.714286 | AD100: =SUM(R94:R100)/7 -> 2.2857143 | AE100: =SUM(P94:P100)/7 -> 3731 | AF100: =SUM(Q94:Q100)/7 -> 0.0046714286 | AM100: =SUM(S94:S100)/7 -> 23.571429
A101: 43993 | B101: 4039 | C101: 12 | D101: 553 | E101: 2391 | F101: 222247 | G101: =F101/9.8 -> 22678.265 | I101: 0.003 | J101: 0.0182 | K101: 0.021 | L101: 1095 | M101: 0.1369 | N101: 0.592 | O101: 9167 | P101: 4558 | Q101: 0.0026 | R101: 2 | S101: 36 | T101: 321 | U101: 19 | V101: =L101/B101 -> 0.27110671 | W101: =T101-T100 -> -23 | X101: =U101-U100 -> -1 | Y101: =T101/L101 -> 0.29315068 | Z101: =U101/T101 -> 0.059190031 | AA101: =(C95+C96+C97+C98+C99+C100+C101)/(C88+C89+C90+C91+C92+C93+C94) -> 0.61594203 | AB101: =SUM(AA95:AA101)/7 -> 0.77379188 | AC101: =SUM(C95:C101)/7 -> 12.142857 | AD101: =SUM(R95:R101)/7 -> 1.8571429 | AE101: =SUM(P95:P101)/7 -> 3764.7143 | AF101: =SUM(Q95:Q101)/7 -> 0.0042857143 | AM101: =SUM(S95:S101)/7 -> 26.571429
A102: 43994 | B102: 4053 | C102: 14 | D102: 555 | E102: 2447 | F102: 226669 | G102: =F102/9.8 -> 23129.49 | I102: 0.0035 | J102: 0.0179 | K102: 0.02 | L102: 1051 | M102: 0.1369 | N102: 0.6038 | O102: 8834 | P102: 4422 | Q102: 0.0032 | R102: 2 | S102: 56 | T102: 290 | U102: 20 | V102: =L102/B102 -> 0.25931409 | W102: =T102-T101 -> -31 | X102: =U102-U101 -> 1 | Y102: =T102/L102 -> 0.27592769 | Z102: =U102/T102 -> 0.068965517 | AA102: =(C96+C97+C98+C99+C100+C101+C102)/(C89+C90+C91+C92+C93+C94+C95) -> 0.64341085 | AB102: =SUM(AA96:AA102)/7 -> 0.75264899 | AC102: =SUM(C96:C102)/7 -> 11.857143 | AD102: =SUM(R96:R102)/7 -> 1.7142857 | AE102: =SUM(P96:P102)/7 -> 3437.5714 | AF102: =SUM(Q96:Q102)/7 -> 0.0044 | AM102: =SUM(S96:S102)/7 -> 28.857143
A103: 43995 | B103: 4064 | C103: 11 | D103: 559 | E103: 2476 | F103: 230169 | G103: =F103/9.8 -> 23486.633 | I103: 0.0027 | J103: 0.0177 | K103: 0.015 | L103: 1029 | M103: 0.1375 | N103: 0.6093 | P103: 3500 | Q103: 0.0031 | R103: 4 | S103: 29 | T103: 283 | U103: 20 | V103: =L103/B103 -> 0.25319882 | W103: =T103-T102 -> -7 | X103: =U103-U102 -> 0 | Y103: =T103/L103 -> 0.2750243 | Z103: =U103/T103 -> 0.070671378 | AA103: =(C97+C98+C99+C100+C101+C102+C103)/(C90+C91+C92+C93+C94+C95+C96) -> 0.60162602 | AB103: =SUM(AA97:AA103)/7 -> 0.72449538 | AC103: =SUM(C97:C103)/7 -> 10.571429 | AD103: =SUM(R97:R103)/7 -> 1.8571429 | AE103: =SUM(P97:P103)/7 -> 3330.8571 | AF103: =SUM(Q97:Q103)/7 -> 0.0041714286 | AM103: =SUM(S97:S103)/7 -> 28.142857
A104: 43996 | B104: 4069 | C104: 5 | D104: 562 | E104: 2482 | F104: 233742 | G104: =F104/9.8 -> 23851.224 | I104: 0.0012 | J104: 0.0174 | K104: 0.016 | L104: 1025 | M104: 0.1381 | N104: 0.61 | O104: 7287 | P104: 3573 | Q104: 0.0014 | R104: 3 | S104: 6 | T104: 275 | U104: 20 | V104: =L104/B104 -> 0.25190464 | W104: =T104-T103 -> -8 | X104: =U104-U103 -> 0 | Y104: =T104/L104 -> 0.26829268 | Z104: =U104/T104 -> 0.072727273 | AA104: =(C98+C99+C100+C101+C102+C103+C104)/(C91+C92+C93+C94+C95+C96+C97) -> 0.46212121 | AB104: =SUM(AA98:AA104)/7 -> 0.65083016 | AC104: =SUM(C98:C104)/7 -> 8.7142857 | AD104: =SUM(R98:R104)/7 -> 2.1428571 | AE104: =SUM(P98:P104)/7 -> 3362.8571 | AF104: =SUM(Q98:Q104)/7 -> 0.0036 | AM104: =SUM(S98:S104)/7 -> 29
A105: 43997 | B105: 4076 | C105: 7 | D105: 563 | E105: 2485 | F105: 235377 | G105: =F105/9.8 -> 24018.061 | I105: 0.0017 | J105: 0.0173 | K105: 0.007 | L105: 1028 | M105: 0.1381 | N105: 0.6097 | O105: 7707 | P105: 1635 | Q105: 0.0043 | R105: 1 | S105: 3 | T105: 275 | U105: 19 | V105: =L105/B105 -> 0.25220805 | W105: =T105-T104 -> 0 | X105: =U105-U104 -> -1 | Y105: =T105/L105 -> 0.26750973 | Z105: =U105/T105 -> 0.069090909 | AA105: =(C99+C100+C101+C102+C103+C104+C105)/(C92+C93+C94+C95+C96+C97+C98) -> 0.50819672 | AB105: =SUM(AA99:AA105)/7 -> 0.59527843 | AC105: =SUM(C99:C105)/7 -> 8.8571429 | AD105: =SUM(R99:R105)/7 -> 2.1428571 | AE105: =SUM(P99:P105)/7 -> 3518.2857 | AF105: =SUM(Q99:Q105)/7 -> 0.0026428571 | AM105: =SUM(S99:S105)/7 -> 28.714286
A106: 43998 | B106: 4077 | C106: 1 | D106: 565 | E106: 2516 | F106: 236828 | G106: =F106/9.8 -> 24166.122 | I106: 0.0002 | J106: 0.0172 | K106: 0.006 | L106: 996 | M106: 0.1386 | N106: 0.6171 | O106: 7545 | P106: 1451 | Q106: 0.0007 | R106: 2 | S106: 31 | T106: 255 | U106: 17 | V106: =L106/B106 -> 0.24429728 | W106: =T106-T105 -> -20 | X106: =U106-U105 -> -2 | Y106: =T106/L106 -> 0.2560241 | Z106: =U106/T106 -> 0.066666667 | AA106: =(C100+C101+C102+C103+C104+C105+C106)/(C93+C94+C95+C96+C97+C98+C99) -> 0.625 | AB106: =SUM(AA100:AA106)/7 -> 0.59313557 | AC106: =SUM(C100:C106)/7 -> 8.5714286 | AD106: =SUM(R100:R106)/7 -> 2.1428571 | AE106: =SUM(P100:P106)/7 -> 3194.2857 | AF106: =SUM(Q100:Q106)/7 -> 0.0026285714 | AM106: =SUM(S100:S106)/7 -> 27.428571
A107: 43999 | B107: 4078 | C107: 1 | D107: 567 | E107: 2547 | F107: 242139 | G107: =F107/9.8 -> 24708.061 | I107: 0.0002 | J107: 0.0168 | K107: 0.022 | L107: 964 | M107: 0.139 | N107: 0.6246 | O107: 7092 | P107: 5311 | Q107: 0.0002 | R107: 2 | S107: 31 | T107: 210 | U107: 16 | V107: =L107/B107 -> 0.23639039 | W107: =T107-T106 -> -45 | X107: =U107-U106 -> -1 | Y107: =T107/L107 -> 0.21784232 | Z107: =U107/T107 -> 0.076190476 | AA107: =(C101+C102+C103+C104+C105+C106+C107)/(C94+C95+C96+C97+C98+C99+C100) -> 0.53125 | AB107: =SUM(AA101:AA107)/7 -> 0.56964955 | AC107: =SUM(C101:C107)/7 -> 7.2857143 | AD107: =SUM(R101:R107)/7 -> 2.2857143 | AE107: =SUM(P101:P107)/7 -> 3492.8571 | AF107: =SUM(Q101:Q107)/7 -> 0.0022142857 | AM107: =SUM(S101:S107)/7 -> 27.428571
A108: 44000 | B108: 4079 | C108: 1 | D108: 568 | E108: 2564 | F108: 245598 | G108: =F108/9.8 -> 25061.02 | I108: 0.0002 | J108: 0.0166 | K108: 0.014 | L108: 947 | M108: 0.1392 | N108: 0.6286 | O108: 6310 | P108: 3459 | Q108: 0.0003 | R108: 1 | S108: 17 | T108: 199 | U108: 15 | V108: =L108/B108 -> 0.23216475 | W108: =T108-T107 -> -11 | X108: =U108-U107 -> -1 | Y108: =T108/L108 -> 0.21013728 | Z108: =U108/T108 -> 0.075376884 | AA108: =(C102+C103+C104+C105+C106+C107+C108)/(C95+C96+C97+C98+C99+C100+C101) -> 0.47058824 | AB108: =SUM(AA102:AA108)/7 -> 0.54888472 | AC108: =SUM(C102:C108)/7 -> 5.7142857 | AD108: =SUM(R102:R108)/7 -> 2.1428571 | AE108: =SUM(P102:P108)/7 -> 3335.8571 | AF108: =SUM(Q102:Q108)/7 -> 0.0018857143 | AM108: =SUM(S102:S108)/7 -> 24.714286
A109: 44001 | B109: 4081 | C109: 2 | D109: 568 | E109: 2581 | F109: 249391 | G109: =F109/9.8 -> 25448.061 | I109: 0.0005 | J109: 0.0164 | K109: 0.015 | L109: 932 | M109: 0.1392 | N109: 0.6324 | O109: 3944 | P109: 3793 | Q109: 0.0005 | R109: 0 | S109: 17 | T109: 192 | U109: 15 | V109: =L109/B109 -> 0.2283754 | W109: =T109-T108 -> -7 | X109: =U109-U108 -> 0 | Y109: =T109/L109 -> 0.20600858 | Z109: =U109/T109 -> 0.078125 | AA109: =(C103+C104+C105+C106+C107+C108+C109)/(C96+C97+C98+C99+C100+C101+C102) -> 0.3373494 | AB109: =SUM(AA103:AA109)/7 -> 0.50516165 | AC109: =SUM(C103:C109)/7 -> 4 | AD109: =SUM(R103:R109)/7 -> 1.8571429 | AE109: =SUM(P103:P109)/7 -> 3246 | AF109: =SUM(Q103:Q109)/7 -> 0.0015 | AM109: =SUM(S103:S109)/7 -> 19.142857
A110: 44002 | B110: 4086 | C110: 5 | D110: 570 | E110: 2585 | F110: 253100 | G110: =F110/9.8 -> 25826.531 | I110: 0.0012 | J110: 0.0161 | K110: 0.015 | L110: 931 | M110: 0.1395 | N110: 0.6326 | P110: 3709 | Q110: 0.0013 | R110: 2 | S110: 4 | T110: 186 | U110: 15 | V110: =L110/B110 -> 0.2278512 | W110: =T110-T109 -> -6 | X110: =U110-U109 -> 0 | Y110: =T110/L110 -> 0.19978518 | Z110: =U110/T110 -> 0.080645161 | AA110: =(C104+C105+C106+C107+C108+C109+C110)/(C97+C98+C99+C100+C101+C102+C103) -> 0.2972973 | AB110: =SUM(AA104:AA110)/7 -> 0.46168612 | AC110: =SUM(C104:C110)/7 -> 3.1428571 | AD110: =SUM(R104:R110)/7 -> 1.5714286 | AE110: =SUM(P104:P110)/7 -> 3275.8571 | AF110: =SUM(Q104:Q110)/7 -> 0.0012428571 | AM110: =SUM(S104:S110)/7 -> 15.571429
...

Sheet tabla
A1: Dátum | B1: Regisztrált esetek száma | C1: Új esetek száma | D1: Elhunytak | E1: Gyógyultak | F1: Mintavétel száma | G1: Egymillió lakosra elvégzett tesztek száma | H1: Kórházi karanténba zártak száma | I1: Regisztrált esetek százalékos változása az előző naphoz viszonyítva | J1: Pozitív tesztek aránya | K1: A mintavételek számának százalékos változása az előző naphoz képest | L1: Aktív fertőzöttek száma | M1: Elhunytak aránya Magyarországon | N1: Gyógyultak aránya Magyarországon | O1: Hatósági házi karantén | P1: Új mintavételek száma | Q1: Új esetek aránya az új mintavételekhez képest | R1: Új elhunytak száma | S1: Új gyógyultak száma | T1: Kórházi ápoltak száma | U1: Lélegeztetőgépen lévők száma | V1: Aktív esetek/összes eset | W1: Kórházi ápoltak számának változása az előző naphoz képest | X1: Lélegeztetőgépen lévők számának változása az előző naphoz képest | Y1: Kórházi ápoltak aránya az aktív eseteken belül | Z1: Lélegeztetőgépen lévők aránya a kórházi ápoltakon belül | AA1: Növekedési faktor | AB1: Hétnapos mozgóátlag | AC1: Hétnapos csúszóátlag | AD1: Hétnapos csúszóátlag | AE1: Hétnapos csúszóátlag | AF1: Hétnapos csúszóátlag | AG1: Beoltottak száma Magyarországon | AH1: Új beoltottak száma Magyarországon | AI1: Hétnapos csúszóátlag | AJ1: Második oltás | AK1: Második oltás napi | AL1: Hétnapos csúszóátlag | AM1: Hétnapos csúszóátlag | AN1: =IFERROR(__xludf.DUMMYFUNCTION("unique(koronahun!A:A)"),"Dátum") -> Dátum | AO1: Regeset | AP1: Dátum | AQ1: =IFERROR(__xludf.DUMMYFUNCTION("unique(AP:AP)"),"Dátum") -> Dátum | AR1: Dátum | AS1: Dátum | AT1: =IFERROR(__xludf.DUMMYFUNCTION("unique(AS:AS)"),"Dátum") -> Dátum
A2: 44923 | B2: =IFERROR(VLOOKUP($A2,koronahun!$A:$AM,2,FALSE),"") -> 2185816 | C2: =IFERROR(VLOOKUP($A2,koronahun!$A:$AM,3,FALSE),"") -> 4397 | D2: =IFERROR(VLOOKUP($A2,koronahun!$A:$AM,4,FALSE),"") -> 48495 | E2: =IFERROR(VLOOKUP($A2,koronahun!$A:$AM,5,FALSE),"") -> 2123750 | F2: =IFERROR(VLOOKUP($A2,koronahun!$A:$AM,6,FALSE),"") -> 11394556 | G2: =IFERROR(VLOOKUP($A2,koronahun!$A:$AM,7,FALSE),"") -> 1162709.8 | H2: =IFERROR(VLOOKUP($A2,koronahun!$A:$AM,8,FALSE),"") -> 0 | I2: =IFERROR(VLOOKUP($A2,koronahun!$A:$AM,9,FALSE),"") -> 0.0020156604 | J2: =IFERROR(VLOOKUP($A2,koronahun!$A:$AM,10,FALSE),"") -> 0.19182985 | K2: =IFERROR(VLOOKUP($A2,koronahun!$A:$AM,11,FALSE),"") -> 0 | L2: =IFERROR(VLOOKUP($A2,koronahun!$A:$AM,12,FALSE),"") -> 13571 | M2: =IFERROR(VLOOKUP($A2,koronahun!$A:$AM,13,FALSE),"") -> 0.022186222 | N2: =IFERROR(VLOOKUP($A2,koronahun!$A:$AM,14,FALSE),"") -> 0.97160511 | O2: =IFERROR(VLOOKUP($A2,koronahun!$A:$AM,15,FALSE),"") -> 0 | P2: =IFERROR(VLOOKUP($A2,koronahun!$A:$AM,16,FALSE),"") -> 0 | Q2: =IFERROR(VLOOKUP($A2,koronahun!$A:$AM,17,FALSE),"") -> 0 | R2: =IFERROR(VLOOKUP($A2,koronahun!$A:$AM,18,FALSE),"") -> 56 | S2: =IFERROR(VLOOKUP($A2,koronahun!$A:$AM,19,FALSE),"") -> 4839 | T2: =IFERROR(VLOOKUP($A2,koronahun!$A:$AM,20,FALSE),"") -> 386 | U2: =IFERROR(VLOOKUP($A2,koronahun!$A:$AM,21,FALSE),"") -> 9 | V2: =IFERROR(VLOOKUP($A2,koronahun!$A:$AM,22,FALSE),"") -> 0.0062086653 | W2: =IFERROR(VLOOKUP($A2,koronahun!$A:$AM,23,FALSE),"") -> 1345 | X2: =IFERROR(VLOOKUP($A2,koronahun!$A:$AM,24,FALSE),"") -> 19 | Y2: =IFERROR(VLOOKUP($A2,koronahun!$A:$AM,25,FALSE),"") -> 0.028443003 | Z2: =IFERROR(VLOOKUP($A2,koronahun!$A:$AM,26,FALSE),"") -> 0.023316062 | AA2: =IFERROR(VLOOKUP($A2,koronahun!$A:$AM,27,FALSE),"") -> 0.85048356 | AB2: =IFERROR(VLOOKUP($A2,koronahun!$A:$AM,28,FALSE),"") -> 0 | AC2: =IFERROR(VLOOKUP($A2,koronahun!$A:$AM,29,FALSE),"") -> 628.14286 | AD2: =IFERROR(VLOOKUP($A2,koronahun!$A:$AM,30,FALSE),"") -> 8 | AE2: =IFERROR(VLOOKUP($A2,koronahun!$A:$AM,31,FALSE),"") -> 0 | AF2: =IFERROR(VLOOKUP($A2,koronahun!$A:$AM,32,FALSE),"") -> 0 | AG2: =IFERROR(VLOOKUP($A2,koronahun!$A:$AM,33,FALSE),"") -> 6420813 | AH2: =IFERROR(VLOOKUP($A2,koronahun!$A:$AM,34,FALSE),"") -> 113 | AI2: =IFERROR(VLOOKUP($A2,koronahun!$A:$AM,35,FALSE),"") -> 16.142857 | AJ2: =IFERROR(VLOOKUP($A2,koronahun!$A:$AM,36,FALSE),"") -> 6207249 | AK2: =IFERROR(VLOOKUP($A2,koronahun!$A:$AM,37,FALSE),"") -> 216 | AL2: =IFERROR(VLOOKUP($A2,koronahun!$A:$AM,38,FALSE),"") -> 30.857143 | AM2: =IFERROR(VLOOKUP($A2,koronahun!$A:$AM,39,FALSE),"") -> 691.28571 | AN2: =IFERROR(__xludf.DUMMYFUNCTION("""COMPUTED_VALUE"""),43894) -> 43894 | AO2: =IFERROR(VLOOKUP(AN2,koronahun!A:B,2,FALSE),"") -> 2 | AP2: =IF(AO2="","",AN2) -> 43894 | AQ2: =IFERROR(__xludf.DUMMYFUNCTION("""COMPUTED_VALUE"""),43894) -> 43894 | AS2: =IF(AR2="",AR3,AR2) -> 44923 | AT2: =IFERROR(__xludf.DUMMYFUNCTION("""COMPUTED_VALUE"""),44923) -> 44923
A3: 44916 | B3: =IFERROR(VLOOKUP($A3,koronahun!$A:$AM,2,FALSE),"") -> 2181419 | C3: =IFERROR(VLOOKUP($A3,koronahun!$A:$AM,3,FALSE),"") -> 5170 | D3: =IFERROR(VLOOKUP($A3,koronahun!$A:$AM,4,FALSE),"") -> 48439 | E3: =IFERROR(VLOOKUP($A3,koronahun!$A:$AM,5,FALSE),"") -> 2118911 | F3: =IFERROR(VLOOKUP($A3,koronahun!$A:$AM,6,FALSE),"") -> 11394556 | G3: =IFERROR(VLOOKUP($A3,koronahun!$A:$AM,7,FALSE),"") -> 1162709.8 | H3: =IFERROR(VLOOKUP($A3,koronahun!$A:$AM,8,FALSE),"") -> 0 | I3: =IFERROR(VLOOKUP($A3,koronahun!$A:$AM,9,FALSE),"") -> 0.0023756473 | J3: =IFERROR(VLOOKUP($A3,koronahun!$A:$AM,10,FALSE),"") -> 0.19144397 | K3: =IFERROR(VLOOKUP($A3,koronahun!$A:$AM,11,FALSE),"") -> 0 | L3: =IFERROR(VLOOKUP($A3,koronahun!$A:$AM,12,FALSE),"") -> 14069 | M3: =IFERROR(VLOOKUP($A3,koronahun!$A:$AM,13,FALSE),"") -> 0.022205271 | N3: =IFERROR(VLOOKUP($A3,koronahun!$A:$AM,14,FALSE),"") -> 0.97134526 | O3: =IFERROR(VLOOKUP($A3,koronahun!$A:$AM,15,FALSE),"") -> 0 | P3: =IFERROR(VLOOKUP($A3,koronahun!$A:$AM,16,FALSE),"") -> 0 | Q3: =IFERROR(VLOOKUP($A3,koronahun!$A:$AM,17,FALSE),"") -> 0 | R3: =IFERROR(VLOOKUP($A3,koronahun!$A:$AM,18,FALSE),"") -> 59 | S3: =IFERROR(VLOOKUP($A3,koronahun!$A:$AM,19,FALSE),"") -> 4777 | T3: =IFERROR(VLOOKUP($A3,koronahun!$A:$AM,20,FALSE),"") -> 1044 | U3: =IFERROR(VLOOKUP($A3,koronahun!$A:$AM,21,FALSE),"") -> 16 | V3: =IFERROR(VLOOKUP($A3,koronahun!$A:$AM,22,FALSE),"") -> 0.0064494717 | W3: =IFERROR(VLOOKUP($A3,koronahun!$A:$AM,23,FALSE),"") -> 1345 | X3: =IFERROR(VLOOKUP($A3,koronahun!$A:$AM,24,FALSE),"") -> 19 | Y3: =IFERROR(VLOOKUP($A3,koronahun!$A:$AM,25,FALSE),"") -> 0.0742057 | Z3: =IFERROR(VLOOKUP($A3,koronahun!$A:$AM,26,FALSE),"") -> 0.01532567 | AA3: =IFERROR(VLOOKUP($A3,koronahun!$A:$AM,27,FALSE),"") -> 0.99557096 | AB3: =IFERROR(VLOOKUP($A3,koronahun!$A:$AM,28,FALSE),"") -> 0 | AC3: =IFERROR(VLOOKUP($A3,koronahun!$A:$AM,29,FALSE),"") -> 738.57143 | AD3: =IFERROR(VLOOKUP($A3,koronahun!$A:$AM,30,FALSE),"") -> 8.4285714 | AE3: =IFERROR(VLOOKUP($A3,koronahun!$A:$AM,31,FALSE),"") -> 0 | AF3: =IFERROR(VLOOKUP($A3,koronahun!$A:$AM,32,FALSE),"") -> 0 | AG3: =IFERROR(VLOOKUP($A3,koronahun!$A:$AM,33,FALSE),"") -> 6420700 | AH3: =IFERROR(VLOOKUP($A3,koronahun!$A:$AM,34,FALSE),"") -> 154 | AI3: =IFERROR(VLOOKUP($A3,koronahun!$A:$AM,35,FALSE),"") -> 22 | AJ3: =IFERROR(VLOOKUP($A3,koronahun!$A:$AM,36,FALSE),"") -> 6207033 | AK3: =IFERROR(VLOOKUP($A3,koronahun!$A:$AM,37,FALSE),"") -> 155 | AL3: =IFERROR(VLOOKUP($A3,koronahun!$A:$AM,38,FALSE),"") -> 22.142857 | AM3: =IFERROR(VLOOKUP($A3,koronahun!$A:$AM,39,FALSE),"") -> 682.42857 | AN3: =IFERROR(__xludf.DUMMYFUNCTION("""COMPUTED_VALUE"""),43895) -> 43895 | AO3: =IFERROR(VLOOKUP(AN3,koronahun!A:B,2,FALSE),"") -> 4 | AP3: =IF(AO3="","",AN3) -> 43895 | AQ3: =IFERROR(__xludf.DUMMYFUNCTION("""COMPUTED_VALUE"""),43895) -> 43895 | AR3: 44923 | AS3: =IF(AR3="",AR4,AR3) -> 44923 | AT3: =IFERROR(__xludf.DUMMYFUNCTION("""COMPUTED_VALUE"""),44916) -> 44916
A4: 44909 | B4: =IFERROR(VLOOKUP($A4,koronahun!$A:$AM,2,FALSE),"") -> 2176249 | C4: =IFERROR(VLOOKUP($A4,koronahun!$A:$AM,3,FALSE),"") -> 5193 | D4: =IFERROR(VLOOKUP($A4,koronahun!$A:$AM,4,FALSE),"") -> 48380 | E4: =IFERROR(VLOOKUP($A4,koronahun!$A:$AM,5,FALSE),"") -> 2114134 | F4: =IFERROR(VLOOKUP($A4,koronahun!$A:$AM,6,FALSE),"") -> 11394556 | G4: =IFERROR(VLOOKUP($A4,koronahun!$A:$AM,7,FALSE),"") -> 1162709.8 | H4: =IFERROR(VLOOKUP($A4,koronahun!$A:$AM,8,FALSE),"") -> 0 | I4: =IFERROR(VLOOKUP($A4,koronahun!$A:$AM,9,FALSE),"") -> 0.0023919236 | J4: =IFERROR(VLOOKUP($A4,koronahun!$A:$AM,10,FALSE),"") -> 0.19099024 | K4: =IFERROR(VLOOKUP($A4,koronahun!$A:$AM,11,FALSE),"") -> 0 | L4: =IFERROR(VLOOKUP($A4,koronahun!$A:$AM,12,FALSE),"") -> 13735 | M4: =IFERROR(VLOOKUP($A4,koronahun!$A:$AM,13,FALSE),"") -> 0.022230912 | N4: =IFERROR(VLOOKUP($A4,koronahun!$A:$AM,14,FALSE),"") -> 0.97145777 | O4: =IFERROR(VLOOKUP($A4,koronahun!$A:$AM,15,FALSE),"") -> 0 | P4: =IFERROR(VLOOKUP($A4,koronahun!$A:$AM,16,FALSE),"") -> 0 | Q4: =IFERROR(VLOOKUP($A4,koronahun!$A:$AM,17,FALSE),"") -> 0 | R4: =IFERROR(VLOOKUP($A4,koronahun!$A:$AM,18,FALSE),"") -> 43 | S4: =IFERROR(VLOOKUP($A4,koronahun!$A:$AM,19,FALSE),"") -> 4499 | T4: =IFERROR(VLOOKUP($A4,koronahun!$A:$AM,20,FALSE),"") -> 1124 | U4: =IFERROR(VLOOKUP($A4,koronahun!$A:$AM,21,FALSE),"") -> 24 | V4: =IFERROR(VLOOKUP($A4,koronahun!$A:$AM,22,FALSE),"") -> 0.0063113182 | W4: =IFERROR(VLOOKUP($A4,koronahun!$A:$AM,23,FALSE),"") -> 1345 | X4: =IFERROR(VLOOKUP($A4,koronahun!$A:$AM,24,FALSE),"") -> 19 | Y4: =IFERROR(VLOOKUP($A4,koronahun!$A:$AM,25,FALSE),"") -> 0.081834729 | Z4: =IFERROR(VLOOKUP($A4,koronahun!$A:$AM,26,FALSE),"") -> 0.021352313 | AA4: =IFERROR(VLOOKUP($A4,koronahun!$A:$AM,27,FALSE),"") -> 1.1039541 | AB4: =IFERROR(VLOOKUP($A4,koronahun!$A:$AM,28,FALSE),"") -> 0 | AC4: =IFERROR(VLOOKUP($A4,koronahun!$A:$AM,29,FALSE),"") -> 741.85714 | AD4: =IFERROR(VLOOKUP($A4,koronahun!$A:$AM,30,FALSE),"") -> 6.1428571 | AE4: =IFERROR(VLOOKUP($A4,koronahun!$A:$AM,31,FALSE),"") -> 0 | AF4: =IFERROR(VLOOKUP($A4,koronahun!$A:$AM,32,FALSE),"") -> 0 | AG4: =IFERROR(VLOOKUP($A4,koronahun!$A:$AM,33,FALSE),"") -> 6420546 | AH4: =IFERROR(VLOOKUP($A4,koronahun!$A:$AM,34,FALSE),"") -> 192 | AI4: =IFERROR(VLOOKUP($A4,koronahun!$A:$AM,35,FALSE),"") -> 27.428571 | AJ4: =IFERROR(VLOOKUP($A4,koronahun!$A:$AM,36,FALSE),"") -> 6206878 | AK4: =IFERROR(VLOOKUP($A4,koronahun!$A:$AM,37,FALSE),"") -> 168 | AL4: =IFERROR(VLOOKUP($A4,koronahun!$A:$AM,38,FALSE),"") -> 24 | AM4: =IFERROR(VLOOKUP($A4,koronahun!$A:$AM,39,FALSE),"") -> 642.71429 | AN4: =IFERROR(__xludf.DUMMYFUNCTION("""COMPUTED_VALUE"""),43896) -> 43896 | AO4: =IFERROR(VLOOKUP(AN4,koronahun!A:B,2,FALSE),"") -> 4 | AP4: =IF(AO4="","",AN4) -> 43896 | AQ4: =IFERROR(__xludf.DUMMYFUNCTION("""COMPUTED_VALUE"""),43896) -> 43896 | AR4: 44916 | AS4: =IF(AR4="",AR5,AR4) -> 44916 | AT4: =IFERROR(__xludf.DUMMYFUNCTION("""COMPUTED_VALUE"""),44909) -> 44909
A5: 44902 | B5: =IFERROR(VLOOKUP($A5,koronahun!$A:$AM,2,FALSE),"") -> 2171056 | C5: =IFERROR(VLOOKUP($A5,koronahun!$A:$AM,3,FALSE),"") -> 4704 | D5: =IFERROR(VLOOKUP($A5,koronahun!$A:$AM,4,FALSE),"") -> 48337 | E5: =IFERROR(VLOOKUP($A5,koronahun!$A:$AM,5,FALSE),"") -> 2109635 | F5: =IFERROR(VLOOKUP($A5,koronahun!$A:$AM,6,FALSE),"") -> 11394556 | G5: =IFERROR(VLOOKUP($A5,koronahun!$A:$AM,7,FALSE),"") -> 1162709.8 | H5: =IFERROR(VLOOKUP($A5,koronahun!$A:$AM,8,FALSE),"") -> 0 | I5: =IFERROR(VLOOKUP($A5,koronahun!$A:$AM,9,FALSE),"") -> 0.0021713923 | J5: =IFERROR(VLOOKUP($A5,koronahun!$A:$AM,10,FALSE),"") -> 0.1905345 | K5: =IFERROR(VLOOKUP($A5,koronahun!$A:$AM,11,FALSE),"") -> 0 | L5: =IFERROR(VLOOKUP($A5,koronahun!$A:$AM,12,FALSE),"") -> 13084 | M5: =IFERROR(VLOOKUP($A5,koronahun!$A:$AM,13,FALSE),"") -> 0.022264281 | N5: =IFERROR(VLOOKUP($A5,koronahun!$A:$AM,14,FALSE),"") -> 0.97170916 | O5: =IFERROR(VLOOKUP($A5,koronahun!$A:$AM,15,FALSE),"") -> 0 | P5: =IFERROR(VLOOKUP($A5,koronahun!$A:$AM,16,FALSE),"") -> 0 | Q5: =IFERROR(VLOOKUP($A5,koronahun!$A:$AM,17,FALSE),"") -> 0 | R5: =IFERROR(VLOOKUP($A5,koronahun!$A:$AM,18,FALSE),"") -> 50 | S5: =IFERROR(VLOOKUP($A5,koronahun!$A:$AM,19,FALSE),"") -> 5277 | T5: =IFERROR(VLOOKUP($A5,koronahun!$A:$AM,20,FALSE),"") -> 828 | U5: =IFERROR(VLOOKUP($A5,koronahun!$A:$AM,21,FALSE),"") -> 14 | V5: =IFERROR(VLOOKUP($A5,koronahun!$A:$AM,22,FALSE),"") -> 0.0060265603 | W5: =IFERROR(VLOOKUP($A5,koronahun!$A:$AM,23,FALSE),"") -> 1345 | X5: =IFERROR(VLOOKUP($A5,koronahun!$A:$AM,24,FALSE),"") -> 19 | Y5: =IFERROR(VLOOKUP($A5,koronahun!$A:$AM,25,FALSE),"") -> 0.0632834 | Z5: =IFERROR(VLOOKUP($A5,koronahun!$A:$AM,26,FALSE),"") -> 0.016908213 | AA5: =IFERROR(VLOOKUP($A5,koronahun!$A:$AM,27,FALSE),"") -> 1.1044846 | AB5: =IFERROR(VLOOKUP($A5,koronahun!$A:$AM,28,FALSE),"") -> 0 | AC5: =IFERROR(VLOOKUP($A5,koronahun!$A:$AM,29,FALSE),"") -> 672 | AD5: =IFERROR(VLOOKUP($A5,koronahun!$A:$AM,30,FALSE),"") -> 7.1428571 | AE5: =IFERROR(VLOOKUP($A5,koronahun!$A:$AM,31,FALSE),"") -> 0 | AF5: =IFERROR(VLOOKUP($A5,koronahun!$A:$AM,32,FALSE),"") -> 0 | AG5: =IFERROR(VLOOKUP($A5,koronahun!$A:$AM,33,FALSE),"") -> 6420354 | AH5: =IFERROR(VLOOKUP($A5,koronahun!$A:$AM,34,FALSE),"") -> 152 | AI5: =IFERROR(VLOOKUP($A5,koronahun!$A:$AM,35,FALSE),"") -> 21.714286 | AJ5: =IFERROR(VLOOKUP($A5,koronahun!$A:$AM,36,FALSE),"") -> 6206710 | AK5: =IFERROR(VLOOKUP($A5,koronahun!$A:$AM,37,FALSE),"") -> 145 | AL5: =IFERROR(VLOOKUP($A5,koronahun!$A:$AM,38,FALSE),"") -> 20.714286 | AM5: =IFERROR(VLOOKUP($A5,koronahun!$A:$AM,39,FALSE),"") -> 753.85714 | AN5: =IFERROR(__xludf.DUMMYFUNCTION("""COMPUTED_VALUE"""),43897) -> 43897 | AO5: =IFERROR(VLOOKUP(AN5,koronahun!A:B,2,FALSE),"") -> 5 | AP5: =IF(AO5="","",AN5) -> 43897 | AQ5: =IFERROR(__xludf.DUMMYFUNCTION("""COMPUTED_VALUE"""),43897) -> 43897 | AR5: 44909 | AS5: =IF(AR5="",AR6,AR5) -> 44909 | AT5: =IFERROR(__xludf.DUMMYFUNCTION("""COMPUTED_VALUE"""),44902) -> 44902
A6: 44895 | B6: =IFERROR(VLOOKUP($A6,koronahun!$A:$AM,2,FALSE),"") -> 2166352 | C6: =IFERROR(VLOOKUP($A6,koronahun!$A:$AM,3,FALSE),"") -> 4259 | D6: =IFERROR(VLOOKUP($A6,koronahun!$A:$AM,4,FALSE),"") -> 48287 | E6: =IFERROR(VLOOKUP($A6,koronahun!$A:$AM,5,FALSE),"") -> 2104358 | F6: =IFERROR(VLOOKUP($A6,koronahun!$A:$AM,6,FALSE),"") -> 11394556 | G6: =IFERROR(VLOOKUP($A6,koronahun!$A:$AM,7,FALSE),"") -> 1162709.8 | H6: =IFERROR(VLOOKUP($A6,koronahun!$A:$AM,8,FALSE),"") -> 0 | I6: =IFERROR(VLOOKUP($A6,koronahun!$A:$AM,9,FALSE),"") -> 0.0019698505 | J6: =IFERROR(VLOOKUP($A6,koronahun!$A:$AM,10,FALSE),"") -> 0.19012167 | K6: =IFERROR(VLOOKUP($A6,koronahun!$A:$AM,11,FALSE),"") -> 0 | L6: =IFERROR(VLOOKUP($A6,koronahun!$A:$AM,12,FALSE),"") -> 13707 | M6: =IFERROR(VLOOKUP($A6,koronahun!$A:$AM,13,FALSE),"") -> 0.022289545 | N6: =IFERROR(VLOOKUP($A6,koronahun!$A:$AM,14,FALSE),"") -> 0.97138323 | O6: =IFERROR(VLOOKUP($A6,koronahun!$A:$AM,15,FALSE),"") -> 0 | P6: =IFERROR(VLOOKUP($A6,koronahun!$A:$AM,16,FALSE),"") -> 0 | Q6: =IFERROR(VLOOKUP($A6,koronahun!$A:$AM,17,FALSE),"") -> 0 | R6: =IFERROR(VLOOKUP($A6,koronahun!$A:$AM,18,FALSE),"") -> 42 | S6: =IFERROR(VLOOKUP($A6,koronahun!$A:$AM,19,FALSE),"") -> 6118 | T6: =IFERROR(VLOOKUP($A6,koronahun!$A:$AM,20,FALSE),"") -> 336 | U6: =IFERROR(VLOOKUP($A6,koronahun!$A:$AM,21,FALSE),"") -> 7 | V6: =IFERROR(VLOOKUP($A6,koronahun!$A:$AM,22,FALSE),"") -> 0.0063272266 | W6: =IFERROR(VLOOKUP($A6,koronahun!$A:$AM,23,FALSE),"") -> 1345 | X6: =IFERROR(VLOOKUP($A6,koronahun!$A:$AM,24,FALSE),"") -> 19 | Y6: =IFERROR(VLOOKUP($A6,koronahun!$A:$AM,25,FALSE),"") -> 0.024513023 | Z6: =IFERROR(VLOOKUP($A6,koronahun!$A:$AM,26,FALSE),"") -> 0.020833333 | AA6: =IFERROR(VLOOKUP($A6,koronahun!$A:$AM,27,FALSE),"") -> 1.0392875 | AB6: =IFERROR(VLOOKUP($A6,koronahun!$A:$AM,28,FALSE),"") -> 0 | AC6: =IFERROR(VLOOKUP($A6,koronahun!$A:$AM,29,FALSE),"") -> 608.42857 | AD6: =IFERROR(VLOOKUP($A6,koronahun!$A:$AM,30,FALSE),"") -> 6 | AE6: =IFERROR(VLOOKUP($A6,koronahun!$A:$AM,31,FALSE),"") -> 0 | AF6: =IFERROR(VLOOKUP($A6,koronahun!$A:$AM,32,FALSE),"") -> 0 | AG6: =IFERROR(VLOOKUP($A6,koronahun!$A:$AM,33,FALSE),"") -> 6420202 | AH6: =IFERROR(VLOOKUP($A6,koronahun!$A:$AM,34,FALSE),"") -> 206 | AI6: =IFERROR(VLOOKUP($A6,koronahun!$A:$AM,35,FALSE),"") -> 29.428571 | AJ6: =IFERROR(VLOOKUP($A6,koronahun!$A:$AM,36,FALSE),"") -> 6206565 | AK6: =IFERROR(VLOOKUP($A6,koronahun!$A:$AM,37,FALSE),"") -> 177 | AL6: =IFERROR(VLOOKUP($A6,koronahun!$A:$AM,38,FALSE),"") -> 25.285714 | AM6: =IFERROR(VLOOKUP($A6,koronahun!$A:$AM,39,FALSE),"") -> 874 | AN6: =IFERROR(__xludf.DUMMYFUNCTION("""COMPUTED_VALUE"""),43898) -> 43898 | AO6: =IFERROR(VLOOKUP(AN6,koronahun!A:B,2,FALSE),"") -> 7 | AP6: =IF(AO6="","",AN6) -> 43898 | AQ6: =IFERROR(__xludf.DUMMYFUNCTION("""COMPUTED_VALUE"""),43898) -> 43898 | AR6: 44902 | AS6: =IF(AR6="",AR7,AR6) -> 44902 | AT6: =IFERROR(__xludf.DUMMYFUNCTION("""COMPUTED_VALUE"""),44895) -> 44895
A7: 44888 | B7: =IFERROR(VLOOKUP($A7,koronahun!$A:$AM,2,FALSE),"") -> 2162093 | C7: =IFERROR(VLOOKUP($A7,koronahun!$A:$AM,3,FALSE),"") -> 4098 | D7: =IFERROR(VLOOKUP($A7,koronahun!$A:$AM,4,FALSE),"") -> 48245 | E7: =IFERROR(VLOOKUP($A7,koronahun!$A:$AM,5,FALSE),"") -> 2098240 | F7: =IFERROR(VLOOKUP($A7,koronahun!$A:$AM,6,FALSE),"") -> 11394556 | G7: =IFERROR(VLOOKUP($A7,koronahun!$A:$AM,7,FALSE),"") -> 1162709.8 | H7: =IFERROR(VLOOKUP($A7,koronahun!$A:$AM,8,FALSE),"") -> 0 | I7: =IFERROR(VLOOKUP($A7,koronahun!$A:$AM,9,FALSE),"") -> 0.0018989849 | J7: =IFERROR(VLOOKUP($A7,koronahun!$A:$AM,10,FALSE),"") -> 0.18974789 | K7: =IFERROR(VLOOKUP($A7,koronahun!$A:$AM,11,FALSE),"") -> 0 | L7: =IFERROR(VLOOKUP($A7,koronahun!$A:$AM,12,FALSE),"") -> 15608 | M7: =IFERROR(VLOOKUP($A7,koronahun!$A:$AM,13,FALSE),"") -> 0.022314026 | N7: =IFERROR(VLOOKUP($A7,koronahun!$A:$AM,14,FALSE),"") -> 0.97046704 | O7: =IFERROR(VLOOKUP($A7,koronahun!$A:$AM,15,FALSE),"") -> 0 | P7: =IFERROR(VLOOKUP($A7,koronahun!$A:$AM,16,FALSE),"") -> 0 | Q7: =IFERROR(VLOOKUP($A7,koronahun!$A:$AM,17,FALSE),"") -> 0 | R7: =IFERROR(VLOOKUP($A7,koronahun!$A:$AM,18,FALSE),"") -> 61 | S7: =IFERROR(VLOOKUP($A7,koronahun!$A:$AM,19,FALSE),"") -> 6962 | T7: =IFERROR(VLOOKUP($A7,koronahun!$A:$AM,20,FALSE),"") -> 770 | U7: =IFERROR(VLOOKUP($A7,koronahun!$A:$AM,21,FALSE),"") -> 11 | V7: =IFERROR(VLOOKUP($A7,koronahun!$A:$AM,22,FALSE),"") -> 0.0072189309 | W7: =IFERROR(VLOOKUP($A7,koronahun!$A:$AM,23,FALSE),"") -> 1345 | X7: =IFERROR(VLOOKUP($A7,koronahun!$A:$AM,24,FALSE),"") -> 19 | Y7: =IFERROR(VLOOKUP($A7,koronahun!$A:$AM,25,FALSE),"") -> 0.049333675 | Z7: =IFERROR(VLOOKUP($A7,koronahun!$A:$AM,26,FALSE),"") -> 0.014285714 | AA7: =IFERROR(VLOOKUP($A7,koronahun!$A:$AM,27,FALSE),"") -> 0.92484766 | AB7: =IFERROR(VLOOKUP($A7,koronahun!$A:$AM,28,FALSE),"") -> 0 | AC7: =IFERROR(VLOOKUP($A7,koronahun!$A:$AM,29,FALSE),"") -> 585.42857 | AD7: =IFERROR(VLOOKUP($A7,koronahun!$A:$AM,30,FALSE),"") -> 8.7142857 | AE7: =IFERROR(VLOOKUP($A7,koronahun!$A:$AM,31,FALSE),"") -> 0 | AF7: =IFERROR(VLOOKUP($A7,koronahun!$A:$AM,32,FALSE),"") -> 0 | AG7: =IFERROR(VLOOKUP($A7,koronahun!$A:$AM,33,FALSE),"") -> 6419996 | AH7: =IFERROR(VLOOKUP($A7,koronahun!$A:$AM,34,FALSE),"") -> 238 | AI7: =IFERROR(VLOOKUP($A7,koronahun!$A:$AM,35,FALSE),"") -> 34 | AJ7: =IFERROR(VLOOKUP($A7,koronahun!$A:$AM,36,FALSE),"") -> 6206388 | AK7: =IFERROR(VLOOKUP($A7,koronahun!$A:$AM,37,FALSE),"") -> 232 | AL7: =IFERROR(VLOOKUP($A7,koronahun!$A:$AM,38,FALSE),"") -> 33.142857 | AM7: =IFERROR(VLOOKUP($A7,koronahun!$A:$AM,39,FALSE),"") -> 994.57143 | AN7: =IFERROR(__xludf.DUMMYFUNCTION("""COMPUTED_VALUE"""),43899) -> 43899 | AO7: =IFERROR(VLOOKUP(AN7,koronahun!A:B,2,FALSE),"") -> 9 | AP7: =IF(AO7="","",AN7) -> 43899 | AQ7: =IFERROR(__xludf.DUMMYFUNCTION("""COMPUTED_VALUE"""),43899) -> 43899 | AR7: 44895 | AS7: =IF(AR7="",AR8,AR7) -> 44895 | AT7: =IFERROR(__xludf.DUMMYFUNCTION("""COMPUTED_VALUE"""),44888) -> 44888
A8: 44881 | B8: =IFERROR(VLOOKUP($A8,koronahun!$A:$AM,2,FALSE),"") -> 2157995 | C8: =IFERROR(VLOOKUP($A8,koronahun!$A:$AM,3,FALSE),"") -> 4431 | D8: =IFERROR(VLOOKUP($A8,koronahun!$A:$AM,4,FALSE),"") -> 48184 | E8: =IFERROR(VLOOKUP($A8,koronahun!$A:$AM,5,FALSE),"") -> 2091278 | F8: =IFERROR(VLOOKUP($A8,koronahun!$A:$AM,6,FALSE),"") -> 11394556 | G8: =IFERROR(VLOOKUP($A8,koronahun!$A:$AM,7,FALSE),"") -> 1162709.8 | H8: =IFERROR(VLOOKUP($A8,koronahun!$A:$AM,8,FALSE),"") -> 0 | I8: =IFERROR(VLOOKUP($A8,koronahun!$A:$AM,9,FALSE),"") -> 0.0020575195 | J8: =IFERROR(VLOOKUP($A8,koronahun!$A:$AM,10,FALSE),"") -> 0.18938825 | K8: =IFERROR(VLOOKUP($A8,koronahun!$A:$AM,11,FALSE),"") -> 0 | L8: =IFERROR(VLOOKUP($A8,koronahun!$A:$AM,12,FALSE),"") -> 18533 | M8: =IFERROR(VLOOKUP($A8,koronahun!$A:$AM,13,FALSE),"") -> 0.022328133 | N8: =IFERROR(VLOOKUP($A8,koronahun!$A:$AM,14,FALSE),"") -> 0.9690838 | O8: =IFERROR(VLOOKUP($A8,koronahun!$A:$AM,15,FALSE),"") -> 0 | P8: =IFERROR(VLOOKUP($A8,koronahun!$A:$AM,16,FALSE),"") -> 0 | Q8: =IFERROR(VLOOKUP($A8,koronahun!$A:$AM,17,FALSE),"") -> 0 | R8: =IFERROR(VLOOKUP($A8,koronahun!$A:$AM,18,FALSE),"") -> 73 | S8: =IFERROR(VLOOKUP($A8,koronahun!$A:$AM,19,FALSE),"") -> 8753 | T8: =IFERROR(VLOOKUP($A8,koronahun!$A:$AM,20,FALSE),"") -> 749 | U8: =IFERROR(VLOOKUP($A8,koronahun!$A:$AM,21,FALSE),"") -> 10 | V8: =IFERROR(VLOOKUP($A8,koronahun!$A:$AM,22,FALSE),"") -> 0.0085880644 | W8: =IFERROR(VLOOKUP($A8,koronahun!$A:$AM,23,FALSE),"") -> 1345 | X8: =IFERROR(VLOOKUP($A8,koronahun!$A:$AM,24,FALSE),"") -> 19 | Y8: =IFERROR(VLOOKUP($A8,koronahun!$A:$AM,25,FALSE),"") -> 0.040414396 | Z8: =IFERROR(VLOOKUP($A8,koronahun!$A:$AM,26,FALSE),"") -> 0.013351135 | AA8: =IFERROR(VLOOKUP($A8,koronahun!$A:$AM,27,FALSE),"") -> 0.97256365 | AB8: =IFERROR(VLOOKUP($A8,koronahun!$A:$AM,28,FALSE),"") -> 0 | AC8: =IFERROR(VLOOKUP($A8,koronahun!$A:$AM,29,FALSE),"") -> 633 | AD8: =IFERROR(VLOOKUP($A8,koronahun!$A:$AM,30,FALSE),"") -> 10.428571 | AE8: =IFERROR(VLOOKUP($A8,koronahun!$A:$AM,31,FALSE),"") -> 0 | AF8: =IFERROR(VLOOKUP($A8,koronahun!$A:$AM,32,FALSE),"") -> 0 | AG8: =IFERROR(VLOOKUP($A8,koronahun!$A:$AM,33,FALSE),"") -> 6419758 | AH8: =IFERROR(VLOOKUP($A8,koronahun!$A:$AM,34,FALSE),"") -> 191 | AI8: =IFERROR(VLOOKUP($A8,koronahun!$A:$AM,35,FALSE),"") -> 27.285714 | AJ8: =IFERROR(VLOOKUP($A8,koronahun!$A:$AM,36,FALSE),"") -> 6206156 | AK8: =IFERROR(VLOOKUP($A8,koronahun!$A:$AM,37,FALSE),"") -> 188 | AL8: =IFERROR(VLOOKUP($A8,koronahun!$A:$AM,38,FALSE),"") -> 26.857143 | AM8: =IFERROR(VLOOKUP($A8,koronahun!$A:$AM,39,FALSE),"") -> 1250.4286 | AN8: =IFERROR(__xludf.DUMMYFUNCTION("""COMPUTED_VALUE"""),43900) -> 43900 | AO8: =IFERROR(VLOOKUP(AN8,koronahun!A:B,2,FALSE),"") -> 12 | AP8: =IF(AO8="","",AN8) -> 43900 | AQ8: =IFERROR(__xludf.DUMMYFUNCTION("""COMPUTED_VALUE"""),43900) -> 43900 | AR8: 44888 | AS8: =IF(AR8="",AR9,AR8) -> 44888 | AT8: =IFERROR(__xludf.DUMMYFUNCTION("""COMPUTED_VALUE"""),44881) -> 44881
A9: 44874 | B9: =IFERROR(VLOOKUP($A9,koronahun!$A:$AM,2,FALSE),"") -> 2153564 | C9: =IFERROR(VLOOKUP($A9,koronahun!$A:$AM,3,FALSE),"") -> 4556 | D9: =IFERROR(VLOOKUP($A9,koronahun!$A:$AM,4,FALSE),"") -> 48111 | E9: =IFERROR(VLOOKUP($A9,koronahun!$A:$AM,5,FALSE),"") -> 2082525 | F9: =IFERROR(VLOOKUP($A9,koronahun!$A:$AM,6,FALSE),"") -> 11394556 | G9: =IFERROR(VLOOKUP($A9,koronahun!$A:$AM,7,FALSE),"") -> 1162709.8 | H9: =IFERROR(VLOOKUP($A9,koronahun!$A:$AM,8,FALSE),"") -> 0 | I9: =IFERROR(VLOOKUP($A9,koronahun!$A:$AM,9,FALSE),"") -> 0.0021200479 | J9: =IFERROR(VLOOKUP($A9,koronahun!$A:$AM,10,FALSE),"") -> 0.18899938 | K9: =IFERROR(VLOOKUP($A9,koronahun!$A:$AM,11,FALSE),"") -> 0 | L9: =IFERROR(VLOOKUP($A9,koronahun!$A:$AM,12,FALSE),"") -> 22928 | M9: =IFERROR(VLOOKUP($A9,koronahun!$A:$AM,13,FALSE),"") -> 0.022340177 | N9: =IFERROR(VLOOKUP($A9,koronahun!$A:$AM,14,FALSE),"") -> 0.96701329 | O9: =IFERROR(VLOOKUP($A9,koronahun!$A:$AM,15,FALSE),"") -> 0 | P9: =IFERROR(VLOOKUP($A9,koronahun!$A:$AM,16,FALSE),"") -> 0 | Q9: =IFERROR(VLOOKUP($A9,koronahun!$A:$AM,17,FALSE),"") -> 0 | R9: =IFERROR(VLOOKUP($A9,koronahun!$A:$AM,18,FALSE),"") -> 173 | S9: =IFERROR(VLOOKUP($A9,koronahun!$A:$AM,19,FALSE),"") -> 20526 | T9: =IFERROR(VLOOKUP($A9,koronahun!$A:$AM,20,FALSE),"") -> 985 | U9: =IFERROR(VLOOKUP($A9,koronahun!$A:$AM,21,FALSE),"") -> 18 | V9: =IFERROR(VLOOKUP($A9,koronahun!$A:$AM,22,FALSE),"") -> 0.010646538 | W9: =IFERROR(VLOOKUP($A9,koronahun!$A:$AM,23,FALSE),"") -> 1345 | X9: =IFERROR(VLOOKUP($A9,koronahun!$A:$AM,24,FALSE),"") -> 19 | Y9: =IFERROR(VLOOKUP($A9,koronahun!$A:$AM,25,FALSE),"") -> 0.042960572 | Z9: =IFERROR(VLOOKUP($A9,koronahun!$A:$AM,26,FALSE),"") -> 0.018274112 | AA9: =IFERROR(VLOOKUP($A9,koronahun!$A:$AM,27,FALSE),"") -> 0.60787191 | AB9: =IFERROR(VLOOKUP($A9,koronahun!$A:$AM,28,FALSE),"") -> 0 | AC9: =IFERROR(VLOOKUP($A9,koronahun!$A:$AM,29,FALSE),"") -> 650.85714 | AD9: =IFERROR(VLOOKUP($A9,koronahun!$A:$AM,30,FALSE),"") -> 12.357143 | AE9: =IFERROR(VLOOKUP($A9,koronahun!$A:$AM,31,FALSE),"") -> 0 | AF9: =IFERROR(VLOOKUP($A9,koronahun!$A:$AM,32,FALSE),"") -> 0 | AG9: =IFERROR(VLOOKUP($A9,koronahun!$A:$AM,33,FALSE),"") -> 6419567 | AH9: =IFERROR(VLOOKUP($A9,koronahun!$A:$AM,34,FALSE),"") -> 384 | AI9: =IFERROR(VLOOKUP($A9,koronahun!$A:$AM,35,FALSE),"") -> 54.857143 | AJ9: =IFERROR(VLOOKUP($A9,koronahun!$A:$AM,36,FALSE),"") -> 6205968 | AK9: =IFERROR(VLOOKUP($A9,koronahun!$A:$AM,37,FALSE),"") -> 360 | AL9: =IFERROR(VLOOKUP($A9,koronahun!$A:$AM,38,FALSE),"") -> 51.428571 | AM9: =IFERROR(VLOOKUP($A9,koronahun!$A:$AM,39,FALSE),"") -> 1466.1429 | AN9: =IFERROR(__xludf.DUMMYFUNCTION("""COMPUTED_VALUE"""),43901) -> 43901 | AO9: =IFERROR(VLOOKUP(AN9,koronahun!A:B,2,FALSE),"") -> 13 | AP9: =IF(AO9="","",AN9) -> 43901 | AQ9: =IFERROR(__xludf.DUMMYFUNCTION("""COMPUTED_VALUE"""),43901) -> 43901 | AR9: 44881 | AS9: =IF(AR9="",AR10,AR9) -> 44881 | AT9: =IFERROR(__xludf.DUMMYFUNCTION("""COMPUTED_VALUE"""),44874) -> 44874
A10: 44867 | B10: =IFERROR(VLOOKUP($A10,koronahun!$A:$AM,2,FALSE),"") -> 2149008 | C10: =IFERROR(VLOOKUP($A10,koronahun!$A:$AM,3,FALSE),"") -> 7495 | D10: =IFERROR(VLOOKUP($A10,koronahun!$A:$AM,4,FALSE),"") -> 0 | E10: =IFERROR(VLOOKUP($A10,koronahun!$A:$AM,5,FALSE),"") -> 0 | F10: =IFERROR(VLOOKUP($A10,koronahun!$A:$AM,6,FALSE),"") -> 11394556 | G10: =IFERROR(VLOOKUP($A10,koronahun!$A:$AM,7,FALSE),"") -> 1162709.8 | H10: =IFERROR(VLOOKUP($A10,koronahun!$A:$AM,8,FALSE),"") -> 0 | I10: =IFERROR(VLOOKUP($A10,koronahun!$A:$AM,9,FALSE),"") -> 0.003499862 | J10: =IFERROR(VLOOKUP($A10,koronahun!$A:$AM,10,FALSE),"") -> 0.18859954 | K10: =IFERROR(VLOOKUP($A10,koronahun!$A:$AM,11,FALSE),"") -> 0 | L10: =IFERROR(VLOOKUP($A10,koronahun!$A:$AM,12,FALSE),"") -> 0 | M10: =IFERROR(VLOOKUP($A10,koronahun!$A:$AM,13,FALSE),"") -> 0 | N10: =IFERROR(VLOOKUP($A10,koronahun!$A:$AM,14,FALSE),"") -> 0 | O10: =IFERROR(VLOOKUP($A10,koronahun!$A:$AM,15,FALSE),"") -> 0 | P10: =IFERROR(VLOOKUP($A10,koronahun!$A:$AM,16,FALSE),"") -> 0 | Q10: =IFERROR(VLOOKUP($A10,koronahun!$A:$AM,17,FALSE),"") -> 0 | R10: =IFERROR(VLOOKUP($A10,koronahun!$A:$AM,18,FALSE),"") -> 0 | S10: =IFERROR(VLOOKUP($A10,koronahun!$A:$AM,19,FALSE),"") -> 0 | T10: =IFERROR(VLOOKUP($A10,koronahun!$A:$AM,20,FALSE),"") -> 0 | U10: =IFERROR(VLOOKUP($A10,koronahun!$A:$AM,21,FALSE),"") -> 0 | V10: =IFERROR(VLOOKUP($A10,koronahun!$A:$AM,22,FALSE),"") -> 0 | W10: =IFERROR(VLOOKUP($A10,koronahun!$A:$AM,23,FALSE),"") -> 0 | X10: =IFERROR(VLOOKUP($A10,koronahun!$A:$AM,24,FALSE),"") -> 0 | Y10: =IFERROR(VLOOKUP($A10,koronahun!$A:$AM,25,FALSE),"") -> 0 | Z10: =IFERROR(VLOOKUP($A10,koronahun!$A:$AM,26,FALSE),"") -> 0 | AA10: =IFERROR(VLOOKUP($A10,koronahun!$A:$AM,27,FALSE),"") -> 0.83065499 | AB10: =IFERROR(VLOOKUP($A10,koronahun!$A:$AM,28,FALSE),"") -> 0 | AC10: =IFERROR(VLOOKUP($A10,koronahun!$A:$AM,29,FALSE),"") -> 1070.7143 | AD10: =IFERROR(VLOOKUP($A10,koronahun!$A:$AM,30,FALSE),"") -> 0 | AE10: =IFERROR(VLOOKUP($A10,koronahun!$A:$AM,31,FALSE),"") -> 0 | AF10: =IFERROR(VLOOKUP($A10,koronahun!$A:$AM,32,FALSE),"") -> 0 | AG10: =IFERROR(VLOOKUP($A10,koronahun!$A:$AM,33,FALSE),"") -> 0 | AH10: =IFERROR(VLOOKUP($A10,koronahun!$A:$AM,34,FALSE),"") -> 0 | AI10: =IFERROR(VLOOKUP($A10,koronahun!$A:$AM,35,FALSE),"") -> 0 | AJ10: =IFERROR(VLOOKUP($A10,koronahun!$A:$AM,36,FALSE),"") -> 0 | AK10: =IFERROR(VLOOKUP($A10,koronahun!$A:$AM,37,FALSE),"") -> 0 | AL10: =IFERROR(VLOOKUP($A10,koronahun!$A:$AM,38,FALSE),"") -> 0 | AM10: =IFERROR(VLOOKUP($A10,koronahun!$A:$AM,39,FALSE),"") -> 0 | AN10: =IFERROR(__xludf.DUMMYFUNCTION("""COMPUTED_VALUE"""),43902) -> 43902 | AO10: =IFERROR(VLOOKUP(AN10,koronahun!A:B,2,FALSE),"") -> 16 | AP10: =IF(AO10="","",AN10) -> 43902 | AQ10: =IFERROR(__xludf.DUMMYFUNCTION("""COMPUTED_VALUE"""),43902) -> 43902 | AR10: 44874 | AS10: =IF(AR10="",AR11,AR10) -> 44874 | AT10: =IFERROR(__xludf.DUMMYFUNCTION("""COMPUTED_VALUE"""),44867) -> 44867
A11: 44860 | B11: =IFERROR(VLOOKUP($A11,koronahun!$A:$AM,2,FALSE),"") -> 2141513 | C11: =IFERROR(VLOOKUP($A11,koronahun!$A:$AM,3,FALSE),"") -> 9023 | D11: =IFERROR(VLOOKUP($A11,koronahun!$A:$AM,4,FALSE),"") -> 47938 | E11: =IFERROR(VLOOKUP($A11,koronahun!$A:$AM,5,FALSE),"") -> 2061999 | F11: =IFERROR(VLOOKUP($A11,koronahun!$A:$AM,6,FALSE),"") -> 11394556 | G11: =IFERROR(VLOOKUP($A11,koronahun!$A:$AM,7,FALSE),"") -> 1162709.8 | H11: =IFERROR(VLOOKUP($A11,koronahun!$A:$AM,8,FALSE),"") -> 0 | I11: =IFERROR(VLOOKUP($A11,koronahun!$A:$AM,9,FALSE),"") -> 0.0042312039 | J11: =IFERROR(VLOOKUP($A11,koronahun!$A:$AM,10,FALSE),"") -> 0.18794177 | K11: =IFERROR(VLOOKUP($A11,koronahun!$A:$AM,11,FALSE),"") -> 0 | L11: =IFERROR(VLOOKUP($A11,koronahun!$A:$AM,12,FALSE),"") -> 31576 | M11: =IFERROR(VLOOKUP($A11,koronahun!$A:$AM,13,FALSE),"") -> 0.022385108 | N11: =IFERROR(VLOOKUP($A11,koronahun!$A:$AM,14,FALSE),"") -> 0.96287018 | O11: =IFERROR(VLOOKUP($A11,koronahun!$A:$AM,15,FALSE),"") -> 0 | P11: =IFERROR(VLOOKUP($A11,koronahun!$A:$AM,16,FALSE),"") -> 0 | Q11: =IFERROR(VLOOKUP($A11,koronahun!$A:$AM,17,FALSE),"") -> 0 | R11: =IFERROR(VLOOKUP($A11,koronahun!$A:$AM,18,FALSE),"") -> 140 | S11: =IFERROR(VLOOKUP($A11,koronahun!$A:$AM,19,FALSE),"") -> 12350 | T11: =IFERROR(VLOOKUP($A11,koronahun!$A:$AM,20,FALSE),"") -> 1371 | U11: =IFERROR(VLOOKUP($A11,koronahun!$A:$AM,21,FALSE),"") -> 25 | V11: =IFERROR(VLOOKUP($A11,koronahun!$A:$AM,22,FALSE),"") -> 0.014744716 | W11: =IFERROR(VLOOKUP($A11,koronahun!$A:$AM,23,FALSE),"") -> 1345 | X11: =IFERROR(VLOOKUP($A11,koronahun!$A:$AM,24,FALSE),"") -> 19 | Y11: =IFERROR(VLOOKUP($A11,koronahun!$A:$AM,25,FALSE),"") -> 0.043419052 | Z11: =IFERROR(VLOOKUP($A11,koronahun!$A:$AM,26,FALSE),"") -> 0.018234865 | AA11: =IFERROR(VLOOKUP($A11,koronahun!$A:$AM,27,FALSE),"") -> 0.75525236 | AB11: =IFERROR(VLOOKUP($A11,koronahun!$A:$AM,28,FALSE),"") -> 0 | AC11: =IFERROR(VLOOKUP($A11,koronahun!$A:$AM,29,FALSE),"") -> 1289 | AD11: =IFERROR(VLOOKUP($A11,koronahun!$A:$AM,30,FALSE),"") -> 20 | AE11: =IFERROR(VLOOKUP($A11,koronahun!$A:$AM,31,FALSE),"") -> 0 | AF11: =IFERROR(VLOOKUP($A11,koronahun!$A:$AM,32,FALSE),"") -> 0 | AG11: =IFERROR(VLOOKUP($A11,koronahun!$A:$AM,33,FALSE),"") -> 6419183 | AH11: =IFERROR(VLOOKUP($A11,koronahun!$A:$AM,34,FALSE),"") -> 373 | AI11: =IFERROR(VLOOKUP($A11,koronahun!$A:$AM,35,FALSE),"") -> 53.285714 | AJ11: =IFERROR(VLOOKUP($A11,koronahun!$A:$AM,36,FALSE),"") -> 6205608 | AK11: =IFERROR(VLOOKUP($A11,koronahun!$A:$AM,37,FALSE),"") -> 281 | AL11: =IFERROR(VLOOKUP($A11,koronahun!$A:$AM,38,FALSE),"") -> 40.142857 | AM11: =IFERROR(VLOOKUP($A11,koronahun!$A:$AM,39,FALSE),"") -> 1764.2857 | AN11: =IFERROR(__xludf.DUMMYFUNCTION("""COMPUTED_VALUE"""),43903) -> 43903 | AO11: =IFERROR(VLOOKUP(AN11,koronahun!A:B,2,FALSE),"") -> 19 | AP11: =IF(AO11="","",AN11) -> 43903 | AQ11: =IFERROR(__xludf.DUMMYFUNCTION("""COMPUTED_VALUE"""),43903) -> 43903 | AR11: 44867 | AS11: =IF(AR11="",AR12,AR11) -> 44867 | AT11: =IFERROR(__xludf.DUMMYFUNCTION("""COMPUTED_VALUE"""),44860) -> 44860
A12: 44853 | B12: =IFERROR(VLOOKUP($A12,koronahun!$A:$AM,2,FALSE),"") -> 2132490 | C12: =IFERROR(VLOOKUP($A12,koronahun!$A:$AM,3,FALSE),"") -> 11947 | D12: =IFERROR(VLOOKUP($A12,koronahun!$A:$AM,4,FALSE),"") -> 47798 | E12: =IFERROR(VLOOKUP($A12,koronahun!$A:$AM,5,FALSE),"") -> 2049649 | F12: =IFERROR(VLOOKUP($A12,koronahun!$A:$AM,6,FALSE),"") -> 11394556 | G12: =IFERROR(VLOOKUP($A12,koronahun!$A:$AM,7,FALSE),"") -> 1162709.8 | H12: =IFERROR(VLOOKUP($A12,koronahun!$A:$AM,8,FALSE),"") -> 0 | I12: =IFERROR(VLOOKUP($A12,koronahun!$A:$AM,9,FALSE),"") -> 0.0056339343 | J12: =IFERROR(VLOOKUP($A12,koronahun!$A:$AM,10,FALSE),"") -> 0.1871499 | K12: =IFERROR(VLOOKUP($A12,koronahun!$A:$AM,11,FALSE),"") -> 0 | L12: =IFERROR(VLOOKUP($A12,koronahun!$A:$AM,12,FALSE),"") -> 35043 | M12: =IFERROR(VLOOKUP($A12,koronahun!$A:$AM,13,FALSE),"") -> 0.022414173 | N12: =IFERROR(VLOOKUP($A12,koronahun!$A:$AM,14,FALSE),"") -> 0.96115292 | O12: =IFERROR(VLOOKUP($A12,koronahun!$A:$AM,15,FALSE),"") -> 0 | P12: =IFERROR(VLOOKUP($A12,koronahun!$A:$AM,16,FALSE),"") -> 0 | Q12: =IFERROR(VLOOKUP($A12,koronahun!$A:$AM,17,FALSE),"") -> 0 | R12: =IFERROR(VLOOKUP($A12,koronahun!$A:$AM,18,FALSE),"") -> 118 | S12: =IFERROR(VLOOKUP($A12,koronahun!$A:$AM,19,FALSE),"") -> 12949 | T12: =IFERROR(VLOOKUP($A12,koronahun!$A:$AM,20,FALSE),"") -> 1597 | U12: =IFERROR(VLOOKUP($A12,koronahun!$A:$AM,21,FALSE),"") -> 18 | V12: =IFERROR(VLOOKUP($A12,koronahun!$A:$AM,22,FALSE),"") -> 0.016432902 | W12: =IFERROR(VLOOKUP($A12,koronahun!$A:$AM,23,FALSE),"") -> 1345 | X12: =IFERROR(VLOOKUP($A12,koronahun!$A:$AM,24,FALSE),"") -> 19 | Y12: =IFERROR(VLOOKUP($A12,koronahun!$A:$AM,25,FALSE),"") -> 0.045572582 | Z12: =IFERROR(VLOOKUP($A12,koronahun!$A:$AM,26,FALSE),"") -> 0.011271133 | AA12: =IFERROR(VLOOKUP($A12,koronahun!$A:$AM,27,FALSE),"") -> 0.94547325 | AB12: =IFERROR(VLOOKUP($A12,koronahun!$A:$AM,28,FALSE),"") -> 0 | AC12: =IFERROR(VLOOKUP($A12,koronahun!$A:$AM,29,FALSE),"") -> 1706.7143 | AD12: =IFERROR(VLOOKUP($A12,koronahun!$A:$AM,30,FALSE),"") -> 16.857143 | AE12: =IFERROR(VLOOKUP($A12,koronahun!$A:$AM,31,FALSE),"") -> 0 | AF12: =IFERROR(VLOOKUP($A12,koronahun!$A:$AM,32,FALSE),"") -> 0 | AG12: =IFERROR(VLOOKUP($A12,koronahun!$A:$AM,33,FALSE),"") -> 6418810 | AH12: =IFERROR(VLOOKUP($A12,koronahun!$A:$AM,34,FALSE),"") -> 230 | AI12: =IFERROR(VLOOKUP($A12,koronahun!$A:$AM,35,FALSE),"") -> 32.857143 | AJ12: =IFERROR(VLOOKUP($A12,koronahun!$A:$AM,36,FALSE),"") -> 6205327 | AK12: =IFERROR(VLOOKUP($A12,koronahun!$A:$AM,37,FALSE),"") -> 260 | AL12: =IFERROR(VLOOKUP($A12,koronahun!$A:$AM,38,FALSE),"") -> 37.142857 | AM12: =IFERROR(VLOOKUP($A12,koronahun!$A:$AM,39,FALSE),"") -> 1849.8571 | AN12: =IFERROR(__xludf.DUMMYFUNCTION("""COMPUTED_VALUE"""),43904) -> 43904 | AO12: =IFERROR(VLOOKUP(AN12,koronahun!A:B,2,FALSE),"") -> 30 | AP12: =IF(AO12="","",AN12) -> 43904 | AQ12: =IFERROR(__xludf.DUMMYFUNCTION("""COMPUTED_VALUE"""),43904) -> 43904 | AR12: 44860 | AS12: =IF(AR12="",AR13,AR12) -> 44860 | AT12: =IFERROR(__xludf.DUMMYFUNCTION("""COMPUTED_VALUE"""),44853) -> 44853
A13: 44846 | B13: =IFERROR(VLOOKUP($A13,koronahun!$A:$AM,2,FALSE),"") -> 2120543 | C13: =IFERROR(VLOOKUP($A13,koronahun!$A:$AM,3,FALSE),"") -> 12636 | D13: =IFERROR(VLOOKUP($A13,koronahun!$A:$AM,4,FALSE),"") -> 47680 | E13: =IFERROR(VLOOKUP($A13,koronahun!$A:$AM,5,FALSE),"") -> 2036700 | F13: =IFERROR(VLOOKUP($A13,koronahun!$A:$AM,6,FALSE),"") -> 11394556 | G13: =IFERROR(VLOOKUP($A13,koronahun!$A:$AM,7,FALSE),"") -> 1162709.8 | H13: =IFERROR(VLOOKUP($A13,koronahun!$A:$AM,8,FALSE),"") -> 0 | I13: =IFERROR(VLOOKUP($A13,koronahun!$A:$AM,9,FALSE),"") -> 0.0059945719 | J13: =IFERROR(VLOOKUP($A13,koronahun!$A:$AM,10,FALSE),"") -> 0.18610142 | K13: =IFERROR(VLOOKUP($A13,koronahun!$A:$AM,11,FALSE),"") -> 0 | L13: =IFERROR(VLOOKUP($A13,koronahun!$A:$AM,12,FALSE),"") -> 36163 | M13: =IFERROR(VLOOKUP($A13,koronahun!$A:$AM,13,FALSE),"") -> 0.022484807 | N13: =IFERROR(VLOOKUP($A13,koronahun!$A:$AM,14,FALSE),"") -> 0.96046154 | O13: =IFERROR(VLOOKUP($A13,koronahun!$A:$AM,15,FALSE),"") -> 0 | P13: =IFERROR(VLOOKUP($A13,koronahun!$A:$AM,16,FALSE),"") -> 0 | Q13: =IFERROR(VLOOKUP($A13,koronahun!$A:$AM,17,FALSE),"") -> 0 | R13: =IFERROR(VLOOKUP($A13,koronahun!$A:$AM,18,FALSE),"") -> 104 | S13: =IFERROR(VLOOKUP($A13,koronahun!$A:$AM,19,FALSE),"") -> 11408 | T13: =IFERROR(VLOOKUP($A13,koronahun!$A:$AM,20,FALSE),"") -> 1700 | U13: =IFERROR(VLOOKUP($A13,koronahun!$A:$AM,21,FALSE),"") -> 32 | V13: =IFERROR(VLOOKUP($A13,koronahun!$A:$AM,22,FALSE),"") -> 0.017053651 | W13: =IFERROR(VLOOKUP($A13,koronahun!$A:$AM,23,FALSE),"") -> 1345 | X13: =IFERROR(VLOOKUP($A13,koronahun!$A:$AM,24,FALSE),"") -> 19 | Y13: =IFERROR(VLOOKUP($A13,koronahun!$A:$AM,25,FALSE),"") -> 0.047009374 | Z13: =IFERROR(VLOOKUP($A13,koronahun!$A:$AM,26,FALSE),"") -> 0.018823529 | AA13: =IFERROR(VLOOKUP($A13,koronahun!$A:$AM,27,FALSE),"") -> 0.91798039 | AB13: =IFERROR(VLOOKUP($A13,koronahun!$A:$AM,28,FALSE),"") -> 0 | AC13: =IFERROR(VLOOKUP($A13,koronahun!$A:$AM,29,FALSE),"") -> 1805.1429 | AD13: =IFERROR(VLOOKUP($A13,koronahun!$A:$AM,30,FALSE),"") -> 14.857143 | AE13: =IFERROR(VLOOKUP($A13,koronahun!$A:$AM,31,FALSE),"") -> 0 | AF13: =IFERROR(VLOOKUP($A13,koronahun!$A:$AM,32,FALSE),"") -> 0 | AG13: =IFERROR(VLOOKUP($A13,koronahun!$A:$AM,33,FALSE),"") -> 6418580 | AH13: =IFERROR(VLOOKUP($A13,koronahun!$A:$AM,34,FALSE),"") -> 228 | AI13: =IFERROR(VLOOKUP($A13,koronahun!$A:$AM,35,FALSE),"") -> 32.571429 | AJ13: =IFERROR(VLOOKUP($A13,koronahun!$A:$AM,36,FALSE),"") -> 6205067 | AK13: =IFERROR(VLOOKUP($A13,koronahun!$A:$AM,37,FALSE),"") -> 342 | AL13: =IFERROR(VLOOKUP($A13,koronahun!$A:$AM,38,FALSE),"") -> 48.857143 | AM13: =IFERROR(VLOOKUP($A13,koronahun!$A:$AM,39,FALSE),"") -> 1629.7143 | AN13: =IFERROR(__xludf.DUMMYFUNCTION("""COMPUTED_VALUE"""),43905) -> 43905 | AO13: =IFERROR(VLOOKUP(AN13,koronahun!A:B,2,FALSE),"") -> 32 | AP13: =IF(AO13="","",AN13) -> 43905 | AQ13: =IFERROR(__xludf.DUMMYFUNCTION("""COMPUTED_VALUE"""),43905) -> 43905 | AR13: 44853 | AS13: =IF(AR13="",AR14,AR13) -> 44853 | AT13: =IFERROR(__xludf.DUMMYFUNCTION("""COMPUTED_VALUE"""),44846) -> 44846
A14: 44839 | B14: =IFERROR(VLOOKUP($A14,koronahun!$A:$AM,2,FALSE),"") -> 2107907 | C14: =IFERROR(VLOOKUP($A14,koronahun!$A:$AM,3,FALSE),"") -> 13765 | D14: =IFERROR(VLOOKUP($A14,koronahun!$A:$AM,4,FALSE),"") -> 47576 | E14: =IFERROR(VLOOKUP($A14,koronahun!$A:$AM,5,FALSE),"") -> 2025292 | F14: =IFERROR(VLOOKUP($A14,koronahun!$A:$AM,6,FALSE),"") -> 11394556 | G14: =IFERROR(VLOOKUP($A14,koronahun!$A:$AM,7,FALSE),"") -> 1162709.8 | H14: =IFERROR(VLOOKUP($A14,koronahun!$A:$AM,8,FALSE),"") -> 0 | I14: =IFERROR(VLOOKUP($A14,koronahun!$A:$AM,9,FALSE),"") -> 0.0065730977 | J14: =IFERROR(VLOOKUP($A14,koronahun!$A:$AM,10,FALSE),"") -> 0.18499246 | K14: =IFERROR(VLOOKUP($A14,koronahun!$A:$AM,11,FALSE),"") -> 0 | L14: =IFERROR(VLOOKUP($A14,koronahun!$A:$AM,12,FALSE),"") -> 35039 | M14: =IFERROR(VLOOKUP($A14,koronahun!$A:$AM,13,FALSE),"") -> 0.022570256 | N14: =IFERROR(VLOOKUP($A14,koronahun!$A:$AM,14,FALSE),"") -> 0.96080709 | O14: =IFERROR(VLOOKUP($A14,koronahun!$A:$AM,15,FALSE),"") -> 774 | P14: =IFERROR(VLOOKUP($A14,koronahun!$A:$AM,16,FALSE),"") -> 0 | Q14: =IFERROR(VLOOKUP($A14,koronahun!$A:$AM,17,FALSE),"") -> 0 | R14: =IFERROR(VLOOKUP($A14,koronahun!$A:$AM,18,FALSE),"") -> 73 | S14: =IFERROR(VLOOKUP($A14,koronahun!$A:$AM,19,FALSE),"") -> 11117 | T14: =IFERROR(VLOOKUP($A14,koronahun!$A:$AM,20,FALSE),"") -> 1752 | U14: =IFERROR(VLOOKUP($A14,koronahun!$A:$AM,21,FALSE),"") -> 32 | V14: =IFERROR(VLOOKUP($A14,koronahun!$A:$AM,22,FALSE),"") -> 0.01662265 | W14: =IFERROR(VLOOKUP($A14,koronahun!$A:$AM,23,FALSE),"") -> 1345 | X14: =IFERROR(VLOOKUP($A14,koronahun!$A:$AM,24,FALSE),"") -> 19 | Y14: =IFERROR(VLOOKUP($A14,koronahun!$A:$AM,25,FALSE),"") -> 0.050001427 | Z14: =IFERROR(VLOOKUP($A14,koronahun!$A:$AM,26,FALSE),"") -> 0.01826484 | AA14: =IFERROR(VLOOKUP($A14,koronahun!$A:$AM,27,FALSE),"") -> 1.2083041 | AB14: =IFERROR(VLOOKUP($A14,koronahun!$A:$AM,28,FALSE),"") -> 0 | AC14: =IFERROR(VLOOKUP($A14,koronahun!$A:$AM,29,FALSE),"") -> 1966.4286 | AD14: =IFERROR(VLOOKUP($A14,koronahun!$A:$AM,30,FALSE),"") -> 10.428571 | AE14: =IFERROR(VLOOKUP($A14,koronahun!$A:$AM,31,FALSE),"") -> 0 | AF14: =IFERROR(VLOOKUP($A14,koronahun!$A:$AM,32,FALSE),"") -> 0 | AG14: =IFERROR(VLOOKUP($A14,koronahun!$A:$AM,33,FALSE),"") -> 6418352 | AH14: =IFERROR(VLOOKUP($A14,koronahun!$A:$AM,34,FALSE),"") -> 295 | AI14: =IFERROR(VLOOKUP($A14,koronahun!$A:$AM,35,FALSE),"") -> 42.142857 | AJ14: =IFERROR(VLOOKUP($A14,koronahun!$A:$AM,36,FALSE),"") -> 6204725 | AK14: =IFERROR(VLOOKUP($A14,koronahun!$A:$AM,37,FALSE),"") -> 364 | AL14: =IFERROR(VLOOKUP($A14,koronahun!$A:$AM,38,FALSE),"") -> 52 | AM14: =IFERROR(VLOOKUP($A14,koronahun!$A:$AM,39,FALSE),"") -> 1588.1429 | AN14: =IFERROR(__xludf.DUMMYFUNCTION("""COMPUTED_VALUE"""),43906) -> 43906 | AO14: =IFERROR(VLOOKUP(AN14,koronahun!A:B,2,FALSE),"") -> 39 | AP14: =IF(AO14="","",AN14) -> 43906 | AQ14: =IFERROR(__xludf.DUMMYFUNCTION("""COMPUTED_VALUE"""),43906) -> 43906 | AR14: 44846 | AS14: =IF(AR14="",AR15,AR14) -> 44846 | AT14: =IFERROR(__xludf.DUMMYFUNCTION("""COMPUTED_VALUE"""),44839) -> 44839
A15: 44832 | B15: =IFERROR(VLOOKUP($A15,koronahun!$A:$AM,2,FALSE),"") -> 2094142 | C15: =IFERROR(VLOOKUP($A15,koronahun!$A:$AM,3,FALSE),"") -> 11392 | D15: =IFERROR(VLOOKUP($A15,koronahun!$A:$AM,4,FALSE),"") -> 47503 | E15: =IFERROR(VLOOKUP($A15,koronahun!$A:$AM,5,FALSE),"") -> 2014175 | F15: =IFERROR(VLOOKUP($A15,koronahun!$A:$AM,6,FALSE),"") -> 11394556 | G15: =IFERROR(VLOOKUP($A15,koronahun!$A:$AM,7,FALSE),"") -> 1162709.8 | H15: =IFERROR(VLOOKUP($A15,koronahun!$A:$AM,8,FALSE),"") -> 0 | I15: =IFERROR(VLOOKUP($A15,koronahun!$A:$AM,9,FALSE),"") -> 0.0054696915 | J15: =IFERROR(VLOOKUP($A15,koronahun!$A:$AM,10,FALSE),"") -> 0.18378443 | K15: =IFERROR(VLOOKUP($A15,koronahun!$A:$AM,11,FALSE),"") -> 0 | L15: =IFERROR(VLOOKUP($A15,koronahun!$A:$AM,12,FALSE),"") -> 32464 | M15: =IFERROR(VLOOKUP($A15,koronahun!$A:$AM,13,FALSE),"") -> 0.022683753 | N15: =IFERROR(VLOOKUP($A15,koronahun!$A:$AM,14,FALSE),"") -> 0.96181396 | O15: =IFERROR(VLOOKUP($A15,koronahun!$A:$AM,15,FALSE),"") -> 1834 | P15: =IFERROR(VLOOKUP($A15,koronahun!$A:$AM,16,FALSE),"") -> 0 | Q15: =IFERROR(VLOOKUP($A15,koronahun!$A:$AM,17,FALSE),"") -> 0 | R15: =IFERROR(VLOOKUP($A15,koronahun!$A:$AM,18,FALSE),"") -> 46 | S15: =IFERROR(VLOOKUP($A15,koronahun!$A:$AM,19,FALSE),"") -> 12446 | T15: =IFERROR(VLOOKUP($A15,koronahun!$A:$AM,20,FALSE),"") -> 1166 | U15: =IFERROR(VLOOKUP($A15,koronahun!$A:$AM,21,FALSE),"") -> 18 | V15: =IFERROR(VLOOKUP($A15,koronahun!$A:$AM,22,FALSE),"") -> 0.015502292 | W15: =IFERROR(VLOOKUP($A15,koronahun!$A:$AM,23,FALSE),"") -> 1345 | X15: =IFERROR(VLOOKUP($A15,koronahun!$A:$AM,24,FALSE),"") -> 19 | Y15: =IFERROR(VLOOKUP($A15,koronahun!$A:$AM,25,FALSE),"") -> 0.035916708 | Z15: =IFERROR(VLOOKUP($A15,koronahun!$A:$AM,26,FALSE),"") -> 0.015437393 | AA15: =IFERROR(VLOOKUP($A15,koronahun!$A:$AM,27,FALSE),"") -> 0.92565207 | AB15: =IFERROR(VLOOKUP($A15,koronahun!$A:$AM,28,FALSE),"") -> 0 | AC15: =IFERROR(VLOOKUP($A15,koronahun!$A:$AM,29,FALSE),"") -> 1627.4286 | AD15: =IFERROR(VLOOKUP($A15,koronahun!$A:$AM,30,FALSE),"") -> 6.5714286 | AE15: =IFERROR(VLOOKUP($A15,koronahun!$A:$AM,31,FALSE),"") -> 0 | AF15: =IFERROR(VLOOKUP($A15,koronahun!$A:$AM,32,FALSE),"") -> 0 | AG15: =IFERROR(VLOOKUP($A15,koronahun!$A:$AM,33,FALSE),"") -> 6418057 | AH15: =IFERROR(VLOOKUP($A15,koronahun!$A:$AM,34,FALSE),"") -> 319 | AI15: =IFERROR(VLOOKUP($A15,koronahun!$A:$AM,35,FALSE),"") -> 45.571429 | AJ15: =IFERROR(VLOOKUP($A15,koronahun!$A:$AM,36,FALSE),"") -> 6204361 | AK15: =IFERROR(VLOOKUP($A15,koronahun!$A:$AM,37,FALSE),"") -> 389 | AL15: =IFERROR(VLOOKUP($A15,koronahun!$A:$AM,38,FALSE),"") -> 55.571429 | AM15: =IFERROR(VLOOKUP($A15,koronahun!$A:$AM,39,FALSE),"") -> 1778 | AN15: =IFERROR(__xludf.DUMMYFUNCTION("""COMPUTED_VALUE"""),43907) -> 43907 | AO15: =IFERROR(VLOOKUP(AN15,koronahun!A:B,2,FALSE),"") -> 50 | AP15: =IF(AO15="","",AN15) -> 43907 | AQ15: =IFERROR(__xludf.DUMMYFUNCTION("""COMPUTED_VALUE"""),43907) -> 43907 | AR15: 44839 | AS15: =IF(AR15="",AR16,AR15) -> 44839 | AT15: =IFERROR(__xludf.DUMMYFUNCTION("""COMPUTED_VALUE"""),44832) -> 44832
A16: 44825 | B16: =IFERROR(VLOOKUP($A16,koronahun!$A:$AM,2,FALSE),"") -> 2082750 | C16: =IFERROR(VLOOKUP($A16,koronahun!$A:$AM,3,FALSE),"") -> 12307 | D16: =IFERROR(VLOOKUP($A16,koronahun!$A:$AM,4,FALSE),"") -> 47457 | E16: =IFERROR(VLOOKUP($A16,koronahun!$A:$AM,5,FALSE),"") -> 2001729 | F16: =IFERROR(VLOOKUP($A16,koronahun!$A:$AM,6,FALSE),"") -> 11394556 | G16: =IFERROR(VLOOKUP($A16,koronahun!$A:$AM,7,FALSE),"") -> 1162709.8 | H16: =IFERROR(VLOOKUP($A16,koronahun!$A:$AM,8,FALSE),"") -> 0 | I16: =IFERROR(VLOOKUP($A16,koronahun!$A:$AM,9,FALSE),"") -> 0.0059441385 | J16: =IFERROR(VLOOKUP($A16,koronahun!$A:$AM,10,FALSE),"") -> 0.18278466 | K16: =IFERROR(VLOOKUP($A16,koronahun!$A:$AM,11,FALSE),"") -> 0 | L16: =IFERROR(VLOOKUP($A16,koronahun!$A:$AM,12,FALSE),"") -> 33564 | M16: =IFERROR(VLOOKUP($A16,koronahun!$A:$AM,13,FALSE),"") -> 0.02278574 | N16: =IFERROR(VLOOKUP($A16,koronahun!$A:$AM,14,FALSE),"") -> 0.96109903 | O16: =IFERROR(VLOOKUP($A16,koronahun!$A:$AM,15,FALSE),"") -> 1834 | P16: =IFERROR(VLOOKUP($A16,koronahun!$A:$AM,16,FALSE),"") -> 0 | Q16: =IFERROR(VLOOKUP($A16,koronahun!$A:$AM,17,FALSE),"") -> 0 | R16: =IFERROR(VLOOKUP($A16,koronahun!$A:$AM,18,FALSE),"") -> 48 | S16: =IFERROR(VLOOKUP($A16,koronahun!$A:$AM,19,FALSE),"") -> 12970 | T16: =IFERROR(VLOOKUP($A16,koronahun!$A:$AM,20,FALSE),"") -> 923 | U16: =IFERROR(VLOOKUP($A16,koronahun!$A:$AM,21,FALSE),"") -> 14 | V16: =IFERROR(VLOOKUP($A16,koronahun!$A:$AM,22,FALSE),"") -> 0.016115232 | W16: =IFERROR(VLOOKUP($A16,koronahun!$A:$AM,23,FALSE),"") -> 1345 | X16: =IFERROR(VLOOKUP($A16,koronahun!$A:$AM,24,FALSE),"") -> 19 | Y16: =IFERROR(VLOOKUP($A16,koronahun!$A:$AM,25,FALSE),"") -> 0.027499702 | Z16: =IFERROR(VLOOKUP($A16,koronahun!$A:$AM,26,FALSE),"") -> 0.015167931 | AA16: =IFERROR(VLOOKUP($A16,koronahun!$A:$AM,27,FALSE),"") -> 1.0613142 | AB16: =IFERROR(VLOOKUP($A16,koronahun!$A:$AM,28,FALSE),"") -> 0 | AC16: =IFERROR(VLOOKUP($A16,koronahun!$A:$AM,29,FALSE),"") -> 1758.1429 | AD16: =IFERROR(VLOOKUP($A16,koronahun!$A:$AM,30,FALSE),"") -> 6.8571429 | AE16: =IFERROR(VLOOKUP($A16,koronahun!$A:$AM,31,FALSE),"") -> 0 | AF16: =IFERROR(VLOOKUP($A16,koronahun!$A:$AM,32,FALSE),"") -> 0 | AG16: =IFERROR(VLOOKUP($A16,koronahun!$A:$AM,33,FALSE),"") -> 6417738 | AH16: =IFERROR(VLOOKUP($A16,koronahun!$A:$AM,34,FALSE),"") -> 431 | AI16: =IFERROR(VLOOKUP($A16,koronahun!$A:$AM,35,FALSE),"") -> 61.571429 | AJ16: =IFERROR(VLOOKUP($A16,koronahun!$A:$AM,36,FALSE),"") -> 6203972 | AK16: =IFERROR(VLOOKUP($A16,koronahun!$A:$AM,37,FALSE),"") -> 463 | AL16: =IFERROR(VLOOKUP($A16,koronahun!$A:$AM,38,FALSE),"") -> 66.142857 | AM16: =IFERROR(VLOOKUP($A16,koronahun!$A:$AM,39,FALSE),"") -> 1852.8571 | AN16: =IFERROR(__xludf.DUMMYFUNCTION("""COMPUTED_VALUE"""),43908) -> 43908 | AO16: =IFERROR(VLOOKUP(AN16,koronahun!A:B,2,FALSE),"") -> 58 | AP16: =IF(AO16="","",AN16) -> 43908 | AQ16: =IFERROR(__xludf.DUMMYFUNCTION("""COMPUTED_VALUE"""),43908) -> 43908 | AR16: 44832 | AS16: =IF(AR16="",AR17,AR16) -> 44832 | AT16: =IFERROR(__xludf.DUMMYFUNCTION("""COMPUTED_VALUE"""),44825) -> 44825
A17: 44818 | B17: =IFERROR(VLOOKUP($A17,koronahun!$A:$AM,2,FALSE),"") -> 2070443 | C17: =IFERROR(VLOOKUP($A17,koronahun!$A:$AM,3,FALSE),"") -> 11596 | D17: =IFERROR(VLOOKUP($A17,koronahun!$A:$AM,4,FALSE),"") -> 47409 | E17: =IFERROR(VLOOKUP($A17,koronahun!$A:$AM,5,FALSE),"") -> 1988759 | F17: =IFERROR(VLOOKUP($A17,koronahun!$A:$AM,6,FALSE),"") -> 11394556 | G17: =IFERROR(VLOOKUP($A17,koronahun!$A:$AM,7,FALSE),"") -> 1162709.8 | H17: =IFERROR(VLOOKUP($A17,koronahun!$A:$AM,8,FALSE),"") -> 0 | I17: =IFERROR(VLOOKUP($A17,koronahun!$A:$AM,9,FALSE),"") -> 0.0056322786 | J17: =IFERROR(VLOOKUP($A17,koronahun!$A:$AM,10,FALSE),"") -> 0.18170458 | K17: =IFERROR(VLOOKUP($A17,koronahun!$A:$AM,11,FALSE),"") -> 0 | L17: =IFERROR(VLOOKUP($A17,koronahun!$A:$AM,12,FALSE),"") -> 34275 | M17: =IFERROR(VLOOKUP($A17,koronahun!$A:$AM,13,FALSE),"") -> 0.022897998 | N17: =IFERROR(VLOOKUP($A17,koronahun!$A:$AM,14,FALSE),"") -> 0.96054757 | O17: =IFERROR(VLOOKUP($A17,koronahun!$A:$AM,15,FALSE),"") -> 3167 | P17: =IFERROR(VLOOKUP($A17,koronahun!$A:$AM,16,FALSE),"") -> 0 | Q17: =IFERROR(VLOOKUP($A17,koronahun!$A:$AM,17,FALSE),"") -> 0 | R17: =IFERROR(VLOOKUP($A17,koronahun!$A:$AM,18,FALSE),"") -> 42 | S17: =IFERROR(VLOOKUP($A17,koronahun!$A:$AM,19,FALSE),"") -> 11951 | T17: =IFERROR(VLOOKUP($A17,koronahun!$A:$AM,20,FALSE),"") -> 831 | U17: =IFERROR(VLOOKUP($A17,koronahun!$A:$AM,21,FALSE),"") -> 10 | V17: =IFERROR(VLOOKUP($A17,koronahun!$A:$AM,22,FALSE),"") -> 0.016554428 | W17: =IFERROR(VLOOKUP($A17,koronahun!$A:$AM,23,FALSE),"") -> 1345 | X17: =IFERROR(VLOOKUP($A17,koronahun!$A:$AM,24,FALSE),"") -> 19 | Y17: =IFERROR(VLOOKUP($A17,koronahun!$A:$AM,25,FALSE),"") -> 0.024245077 | Z17: =IFERROR(VLOOKUP($A17,koronahun!$A:$AM,26,FALSE),"") -> 0.012033694 | AA17: =IFERROR(VLOOKUP($A17,koronahun!$A:$AM,27,FALSE),"") -> 1.1258252 | AB17: =IFERROR(VLOOKUP($A17,koronahun!$A:$AM,28,FALSE),"") -> 0 | AC17: =IFERROR(VLOOKUP($A17,koronahun!$A:$AM,29,FALSE),"") -> 1656.5714 | AD17: =IFERROR(VLOOKUP($A17,koronahun!$A:$AM,30,FALSE),"") -> 6 | AE17: =IFERROR(VLOOKUP($A17,koronahun!$A:$AM,31,FALSE),"") -> 0 | AF17: =IFERROR(VLOOKUP($A17,koronahun!$A:$AM,32,FALSE),"") -> 0 | AG17: =IFERROR(VLOOKUP($A17,koronahun!$A:$AM,33,FALSE),"") -> 6417307 | AH17: =IFERROR(VLOOKUP($A17,koronahun!$A:$AM,34,FALSE),"") -> 424 | AI17: =IFERROR(VLOOKUP($A17,koronahun!$A:$AM,35,FALSE),"") -> 60.571429 | AJ17: =IFERROR(VLOOKUP($A17,koronahun!$A:$AM,36,FALSE),"") -> 6203509 | AK17: =IFERROR(VLOOKUP($A17,koronahun!$A:$AM,37,FALSE),"") -> 419 | AL17: =IFERROR(VLOOKUP($A17,koronahun!$A:$AM,38,FALSE),"") -> 59.857143 | AM17: =IFERROR(VLOOKUP($A17,koronahun!$A:$AM,39,FALSE),"") -> 1707.2857 | AN17: =IFERROR(__xludf.DUMMYFUNCTION("""COMPUTED_VALUE"""),43909) -> 43909 | AO17: =IFERROR(VLOOKUP(AN17,koronahun!A:B,2,FALSE),"") -> 73 | AP17: =IF(AO17="","",AN17) -> 43909 | AQ17: =IFERROR(__xludf.DUMMYFUNCTION("""COMPUTED_VALUE"""),43909) -> 43909 | AR17: 44825 | AS17: =IF(AR17="",AR18,AR17) -> 44825 | AT17: =IFERROR(__xludf.DUMMYFUNCTION("""COMPUTED_VALUE"""),44818) -> 44818
A18: 44811 | B18: =IFERROR(VLOOKUP($A18,koronahun!$A:$AM,2,FALSE),"") -> 2058847 | C18: =IFERROR(VLOOKUP($A18,koronahun!$A:$AM,3,FALSE),"") -> 10300 | D18: =IFERROR(VLOOKUP($A18,koronahun!$A:$AM,4,FALSE),"") -> 47367 | E18: =IFERROR(VLOOKUP($A18,koronahun!$A:$AM,5,FALSE),"") -> 1976808 | F18: =IFERROR(VLOOKUP($A18,koronahun!$A:$AM,6,FALSE),"") -> 11394556 | G18: =IFERROR(VLOOKUP($A18,koronahun!$A:$AM,7,FALSE),"") -> 1162709.8 | H18: =IFERROR(VLOOKUP($A18,koronahun!$A:$AM,8,FALSE),"") -> 0 | I18: =IFERROR(VLOOKUP($A18,koronahun!$A:$AM,9,FALSE),"") -> 0.005027954 | J18: =IFERROR(VLOOKUP($A18,koronahun!$A:$AM,10,FALSE),"") -> 0.1806869 | K18: =IFERROR(VLOOKUP($A18,koronahun!$A:$AM,11,FALSE),"") -> 0 | L18: =IFERROR(VLOOKUP($A18,koronahun!$A:$AM,12,FALSE),"") -> 34672 | M18: =IFERROR(VLOOKUP($A18,koronahun!$A:$AM,13,FALSE),"") -> 0.023006566 | N18: =IFERROR(VLOOKUP($A18,koronahun!$A:$AM,14,FALSE),"") -> 0.96015294 | O18: =IFERROR(VLOOKUP($A18,koronahun!$A:$AM,15,FALSE),"") -> 2371 | P18: =IFERROR(VLOOKUP($A18,koronahun!$A:$AM,16,FALSE),"") -> 0 | Q18: =IFERROR(VLOOKUP($A18,koronahun!$A:$AM,17,FALSE),"") -> 0 | R18: =IFERROR(VLOOKUP($A18,koronahun!$A:$AM,18,FALSE),"") -> 76 | S18: =IFERROR(VLOOKUP($A18,koronahun!$A:$AM,19,FALSE),"") -> 14110 | T18: =IFERROR(VLOOKUP($A18,koronahun!$A:$AM,20,FALSE),"") -> 832 | U18: =IFERROR(VLOOKUP($A18,koronahun!$A:$AM,21,FALSE),"") -> 17 | V18: =IFERROR(VLOOKUP($A18,koronahun!$A:$AM,22,FALSE),"") -> 0.016840494 | W18: =IFERROR(VLOOKUP($A18,koronahun!$A:$AM,23,FALSE),"") -> 1345 | X18: =IFERROR(VLOOKUP($A18,koronahun!$A:$AM,24,FALSE),"") -> 19 | Y18: =IFERROR(VLOOKUP($A18,koronahun!$A:$AM,25,FALSE),"") -> 0.023996308 | Z18: =IFERROR(VLOOKUP($A18,koronahun!$A:$AM,26,FALSE),"") -> 0.020432692 | AA18: =IFERROR(VLOOKUP($A18,koronahun!$A:$AM,27,FALSE),"") -> 0.8472485 | AB18: =IFERROR(VLOOKUP($A18,koronahun!$A:$AM,28,FALSE),"") -> 0 | AC18: =IFERROR(VLOOKUP($A18,koronahun!$A:$AM,29,FALSE),"") -> 1471.4286 | AD18: =IFERROR(VLOOKUP($A18,koronahun!$A:$AM,30,FALSE),"") -> 10.857143 | AE18: =IFERROR(VLOOKUP($A18,koronahun!$A:$AM,31,FALSE),"") -> 0 | AF18: =IFERROR(VLOOKUP($A18,koronahun!$A:$AM,32,FALSE),"") -> 0 | AG18: =IFERROR(VLOOKUP($A18,koronahun!$A:$AM,33,FALSE),"") -> 6416883 | AH18: =IFERROR(VLOOKUP($A18,koronahun!$A:$AM,34,FALSE),"") -> 520 | AI18: =IFERROR(VLOOKUP($A18,koronahun!$A:$AM,35,FALSE),"") -> 74.285714 | AJ18: =IFERROR(VLOOKUP($A18,koronahun!$A:$AM,36,FALSE),"") -> 6203090 | AK18: =IFERROR(VLOOKUP($A18,koronahun!$A:$AM,37,FALSE),"") -> 568 | AL18: =IFERROR(VLOOKUP($A18,koronahun!$A:$AM,38,FALSE),"") -> 81.142857 | AM18: =IFERROR(VLOOKUP($A18,koronahun!$A:$AM,39,FALSE),"") -> 2015.7143 | AN18: =IFERROR(__xludf.DUMMYFUNCTION("""COMPUTED_VALUE"""),43910) -> 43910 | AO18: =IFERROR(VLOOKUP(AN18,koronahun!A:B,2,FALSE),"") -> 85 | AP18: =IF(AO18="","",AN18) -> 43910 | AQ18: =IFERROR(__xludf.DUMMYFUNCTION("""COMPUTED_VALUE"""),43910) -> 43910 | AR18: 44818 | AS18: =IF(AR18="",AR19,AR18) -> 44818 | AT18: =IFERROR(__xludf.DUMMYFUNCTION("""COMPUTED_VALUE"""),44811) -> 44811
A19: 44804 | B19: =IFERROR(VLOOKUP($A19,koronahun!$A:$AM,2,FALSE),"") -> 2048547 | C19: =IFERROR(VLOOKUP($A19,koronahun!$A:$AM,3,FALSE),"") -> 12157 | D19: =IFERROR(VLOOKUP($A19,koronahun!$A:$AM,4,FALSE),"") -> 47291 | E19: =IFERROR(VLOOKUP($A19,koronahun!$A:$AM,5,FALSE),"") -> 1962698 | F19: =IFERROR(VLOOKUP($A19,koronahun!$A:$AM,6,FALSE),"") -> 11394556 | G19: =IFERROR(VLOOKUP($A19,koronahun!$A:$AM,7,FALSE),"") -> 1162709.8 | H19: =IFERROR(VLOOKUP($A19,koronahun!$A:$AM,8,FALSE),"") -> 0 | I19: =IFERROR(VLOOKUP($A19,koronahun!$A:$AM,9,FALSE),"") -> 0.0059698781 | J19: =IFERROR(VLOOKUP($A19,koronahun!$A:$AM,10,FALSE),"") -> 0.17978296 | K19: =IFERROR(VLOOKUP($A19,koronahun!$A:$AM,11,FALSE),"") -> 0 | L19: =IFERROR(VLOOKUP($A19,koronahun!$A:$AM,12,FALSE),"") -> 38558 | M19: =IFERROR(VLOOKUP($A19,koronahun!$A:$AM,13,FALSE),"") -> 0.023085143 | N19: =IFERROR(VLOOKUP($A19,koronahun!$A:$AM,14,FALSE),"") -> 0.95809274 | O19: =IFERROR(VLOOKUP($A19,koronahun!$A:$AM,15,FALSE),"") -> 1641 | P19: =IFERROR(VLOOKUP($A19,koronahun!$A:$AM,16,FALSE),"") -> 0 | Q19: =IFERROR(VLOOKUP($A19,koronahun!$A:$AM,17,FALSE),"") -> 0 | R19: =IFERROR(VLOOKUP($A19,koronahun!$A:$AM,18,FALSE),"") -> 100 | S19: =IFERROR(VLOOKUP($A19,koronahun!$A:$AM,19,FALSE),"") -> 16788 | T19: =IFERROR(VLOOKUP($A19,koronahun!$A:$AM,20,FALSE),"") -> 978 | U19: =IFERROR(VLOOKUP($A19,koronahun!$A:$AM,21,FALSE),"") -> 23 | V19: =IFERROR(VLOOKUP($A19,koronahun!$A:$AM,22,FALSE),"") -> 0.018822121 | W19: =IFERROR(VLOOKUP($A19,koronahun!$A:$AM,23,FALSE),"") -> 1345 | X19: =IFERROR(VLOOKUP($A19,koronahun!$A:$AM,24,FALSE),"") -> 19 | Y19: =IFERROR(VLOOKUP($A19,koronahun!$A:$AM,25,FALSE),"") -> 0.025364386 | Z19: =IFERROR(VLOOKUP($A19,koronahun!$A:$AM,26,FALSE),"") -> 0.023517382 | AA19: =IFERROR(VLOOKUP($A19,koronahun!$A:$AM,27,FALSE),"") -> 0.82465066 | AB19: =IFERROR(VLOOKUP($A19,koronahun!$A:$AM,28,FALSE),"") -> 0 | AC19: =IFERROR(VLOOKUP($A19,koronahun!$A:$AM,29,FALSE),"") -> 1736.7143 | AD19: =IFERROR(VLOOKUP($A19,koronahun!$A:$AM,30,FALSE),"") -> 14.285714 | AE19: =IFERROR(VLOOKUP($A19,koronahun!$A:$AM,31,FALSE),"") -> 0 | AF19: =IFERROR(VLOOKUP($A19,koronahun!$A:$AM,32,FALSE),"") -> 0 | AG19: =IFERROR(VLOOKUP($A19,koronahun!$A:$AM,33,FALSE),"") -> 6416363 | AH19: =IFERROR(VLOOKUP($A19,koronahun!$A:$AM,34,FALSE),"") -> 584 | AI19: =IFERROR(VLOOKUP($A19,koronahun!$A:$AM,35,FALSE),"") -> 83.428571 | AJ19: =IFERROR(VLOOKUP($A19,koronahun!$A:$AM,36,FALSE),"") -> 6202522 | AK19: =IFERROR(VLOOKUP($A19,koronahun!$A:$AM,37,FALSE),"") -> 553 | AL19: =IFERROR(VLOOKUP($A19,koronahun!$A:$AM,38,FALSE),"") -> 79 | AM19: =IFERROR(VLOOKUP($A19,koronahun!$A:$AM,39,FALSE),"") -> 2398.2857 | AN19: =IFERROR(__xludf.DUMMYFUNCTION("""COMPUTED_VALUE"""),43911) -> 43911 | AO19: =IFERROR(VLOOKUP(AN19,koronahun!A:B,2,FALSE),"") -> 103 | AP19: =IF(AO19="","",AN19) -> 43911 | AQ19: =IFERROR(__xludf.DUMMYFUNCTION("""COMPUTED_VALUE"""),43911) -> 43911 | AR19: 44811 | AS19: =IF(AR19="",AR20,AR19) -> 44811 | AT19: =IFERROR(__xludf.DUMMYFUNCTION("""COMPUTED_VALUE"""),44804) -> 44804
A20: 44797 | B20: =IFERROR(VLOOKUP($A20,koronahun!$A:$AM,2,FALSE),"") -> 2036390 | C20: =IFERROR(VLOOKUP($A20,koronahun!$A:$AM,3,FALSE),"") -> 14742 | D20: =IFERROR(VLOOKUP($A20,koronahun!$A:$AM,4,FALSE),"") -> 47191 | E20: =IFERROR(VLOOKUP($A20,koronahun!$A:$AM,5,FALSE),"") -> 1945910 | F20: =IFERROR(VLOOKUP($A20,koronahun!$A:$AM,6,FALSE),"") -> 11394556 | G20: =IFERROR(VLOOKUP($A20,koronahun!$A:$AM,7,FALSE),"") -> 1162709.8 | H20: =IFERROR(VLOOKUP($A20,koronahun!$A:$AM,8,FALSE),"") -> 0 | I20: =IFERROR(VLOOKUP($A20,koronahun!$A:$AM,9,FALSE),"") -> 0.0072920706 | J20: =IFERROR(VLOOKUP($A20,koronahun!$A:$AM,10,FALSE),"") -> 0.17871605 | K20: =IFERROR(VLOOKUP($A20,koronahun!$A:$AM,11,FALSE),"") -> 0 | L20: =IFERROR(VLOOKUP($A20,koronahun!$A:$AM,12,FALSE),"") -> 43289 | M20: =IFERROR(VLOOKUP($A20,koronahun!$A:$AM,13,FALSE),"") -> 0.023173852 | N20: =IFERROR(VLOOKUP($A20,koronahun!$A:$AM,14,FALSE),"") -> 0.95556843 | O20: =IFERROR(VLOOKUP($A20,koronahun!$A:$AM,15,FALSE),"") -> 1811 | P20: =IFERROR(VLOOKUP($A20,koronahun!$A:$AM,16,FALSE),"") -> 0 | Q20: =IFERROR(VLOOKUP($A20,koronahun!$A:$AM,17,FALSE),"") -> 0 | R20: =IFERROR(VLOOKUP($A20,koronahun!$A:$AM,18,FALSE),"") -> 108 | S20: =IFERROR(VLOOKUP($A20,koronahun!$A:$AM,19,FALSE),"") -> 21888 | T20: =IFERROR(VLOOKUP($A20,koronahun!$A:$AM,20,FALSE),"") -> 1251 | U20: =IFERROR(VLOOKUP($A20,koronahun!$A:$AM,21,FALSE),"") -> 27 | V20: =IFERROR(VLOOKUP($A20,koronahun!$A:$AM,22,FALSE),"") -> 0.021257716 | W20: =IFERROR(VLOOKUP($A20,koronahun!$A:$AM,23,FALSE),"") -> 1345 | X20: =IFERROR(VLOOKUP($A20,koronahun!$A:$AM,24,FALSE),"") -> 19 | Y20: =IFERROR(VLOOKUP($A20,koronahun!$A:$AM,25,FALSE),"") -> 0.028898796 | Z20: =IFERROR(VLOOKUP($A20,koronahun!$A:$AM,26,FALSE),"") -> 0.021582734 | AA20: =IFERROR(VLOOKUP($A20,koronahun!$A:$AM,27,FALSE),"") -> 0.90725583 | AB20: =IFERROR(VLOOKUP($A20,koronahun!$A:$AM,28,FALSE),"") -> 0 | AC20: =IFERROR(VLOOKUP($A20,koronahun!$A:$AM,29,FALSE),"") -> 2106 | AD20: =IFERROR(VLOOKUP($A20,koronahun!$A:$AM,30,FALSE),"") -> 15.428571 | AE20: =IFERROR(VLOOKUP($A20,koronahun!$A:$AM,31,FALSE),"") -> 0 | AF20: =IFERROR(VLOOKUP($A20,koronahun!$A:$AM,32,FALSE),"") -> 0 | AG20: =IFERROR(VLOOKUP($A20,koronahun!$A:$AM,33,FALSE),"") -> 6415779 | AH20: =IFERROR(VLOOKUP($A20,koronahun!$A:$AM,34,FALSE),"") -> 602 | AI20: =IFERROR(VLOOKUP($A20,koronahun!$A:$AM,35,FALSE),"") -> 86 | AJ20: =IFERROR(VLOOKUP($A20,koronahun!$A:$AM,36,FALSE),"") -> 6201969 | AK20: =IFERROR(VLOOKUP($A20,koronahun!$A:$AM,37,FALSE),"") -> 497 | AL20: =IFERROR(VLOOKUP($A20,koronahun!$A:$AM,38,FALSE),"") -> 71 | AM20: =IFERROR(VLOOKUP($A20,koronahun!$A:$AM,39,FALSE),"") -> 3126.8571 | AN20: =IFERROR(__xludf.DUMMYFUNCTION("""COMPUTED_VALUE"""),43912) -> 43912 | AO20: =IFERROR(VLOOKUP(AN20,koronahun!A:B,2,FALSE),"") -> 131 | AP20: =IF(AO20="","",AN20) -> 43912 | AQ20: =IFERROR(__xludf.DUMMYFUNCTION("""COMPUTED_VALUE"""),43912) -> 43912 | AR20: 44804 | AS20: =IF(AR20="",AR21,AR20) -> 44804 | AT20: =IFERROR(__xludf.DUMMYFUNCTION("""COMPUTED_VALUE"""),44797) -> 44797
A21: 44790 | B21: =IFERROR(VLOOKUP($A21,koronahun!$A:$AM,2,FALSE),"") -> 2021648 | C21: =IFERROR(VLOOKUP($A21,koronahun!$A:$AM,3,FALSE),"") -> 16249 | D21: =IFERROR(VLOOKUP($A21,koronahun!$A:$AM,4,FALSE),"") -> 47083 | E21: =IFERROR(VLOOKUP($A21,koronahun!$A:$AM,5,FALSE),"") -> 1924022 | F21: =IFERROR(VLOOKUP($A21,koronahun!$A:$AM,6,FALSE),"") -> 11394556 | G21: =IFERROR(VLOOKUP($A21,koronahun!$A:$AM,7,FALSE),"") -> 1162709.8 | H21: =IFERROR(VLOOKUP($A21,koronahun!$A:$AM,8,FALSE),"") -> 0 | I21: =IFERROR(VLOOKUP($A21,koronahun!$A:$AM,9,FALSE),"") -> 0.008102627 | J21: =IFERROR(VLOOKUP($A21,koronahun!$A:$AM,10,FALSE),"") -> 0.17742227 | K21: =IFERROR(VLOOKUP($A21,koronahun!$A:$AM,11,FALSE),"") -> 0 | L21: =IFERROR(VLOOKUP($A21,koronahun!$A:$AM,12,FALSE),"") -> 50543 | M21: =IFERROR(VLOOKUP($A21,koronahun!$A:$AM,13,FALSE),"") -> 0.023289415 | N21: =IFERROR(VLOOKUP($A21,koronahun!$A:$AM,14,FALSE),"") -> 0.95170969 | O21: =IFERROR(VLOOKUP($A21,koronahun!$A:$AM,15,FALSE),"") -> 2015 | P21: =IFERROR(VLOOKUP($A21,koronahun!$A:$AM,16,FALSE),"") -> 0 | Q21: =IFERROR(VLOOKUP($A21,koronahun!$A:$AM,17,FALSE),"") -> 0 | R21: =IFERROR(VLOOKUP($A21,koronahun!$A:$AM,18,FALSE),"") -> 117 | S21: =IFERROR(VLOOKUP($A21,koronahun!$A:$AM,19,FALSE),"") -> 15115 | T21: =IFERROR(VLOOKUP($A21,koronahun!$A:$AM,20,FALSE),"") -> 570 | U21: =IFERROR(VLOOKUP($A21,koronahun!$A:$AM,21,FALSE),"") -> 9 | V21: =IFERROR(VLOOKUP($A21,koronahun!$A:$AM,22,FALSE),"") -> 0.02500089 | W21: =IFERROR(VLOOKUP($A21,koronahun!$A:$AM,23,FALSE),"") -> 1345 | X21: =IFERROR(VLOOKUP($A21,koronahun!$A:$AM,24,FALSE),"") -> 19 | Y21: =IFERROR(VLOOKUP($A21,koronahun!$A:$AM,25,FALSE),"") -> 0.011277526 | Z21: =IFERROR(VLOOKUP($A21,koronahun!$A:$AM,26,FALSE),"") -> 0.015789474 | AA21: =IFERROR(VLOOKUP($A21,koronahun!$A:$AM,27,FALSE),"") -> 0.8988273 | AB21: =IFERROR(VLOOKUP($A21,koronahun!$A:$AM,28,FALSE),"") -> 0 | AC21: =IFERROR(VLOOKUP($A21,koronahun!$A:$AM,29,FALSE),"") -> 2321.2857 | AD21: =IFERROR(VLOOKUP($A21,koronahun!$A:$AM,30,FALSE),"") -> 16.714286 | AE21: =IFERROR(VLOOKUP($A21,koronahun!$A:$AM,31,FALSE),"") -> 0 | AF21: =IFERROR(VLOOKUP($A21,koronahun!$A:$AM,32,FALSE),"") -> 0 | AG21: =IFERROR(VLOOKUP($A21,koronahun!$A:$AM,33,FALSE),"") -> 6415177 | AH21: =IFERROR(VLOOKUP($A21,koronahun!$A:$AM,34,FALSE),"") -> 614 | AI21: =IFERROR(VLOOKUP($A21,koronahun!$A:$AM,35,FALSE),"") -> 87.714286 | AJ21: =IFERROR(VLOOKUP($A21,koronahun!$A:$AM,36,FALSE),"") -> 6201472 | AK21: =IFERROR(VLOOKUP($A21,koronahun!$A:$AM,37,FALSE),"") -> 450 | AL21: =IFERROR(VLOOKUP($A21,koronahun!$A:$AM,38,FALSE),"") -> 64.285714 | AM21: =IFERROR(VLOOKUP($A21,koronahun!$A:$AM,39,FALSE),"") -> 2159.2857 | AN21: =IFERROR(__xludf.DUMMYFUNCTION("""COMPUTED_VALUE"""),43913) -> 43913 | AO21: =IFERROR(VLOOKUP(AN21,koronahun!A:B,2,FALSE),"") -> 167 | AP21: =IF(AO21="","",AN21) -> 43913 | AQ21: =IFERROR(__xludf.DUMMYFUNCTION("""COMPUTED_VALUE"""),43913) -> 43913 | AR21: 44797 | AS21: =IF(AR21="",AR22,AR21) -> 44797 | AT21: =IFERROR(__xludf.DUMMYFUNCTION("""COMPUTED_VALUE"""),44790) -> 44790
A22: 44783 | B22: =IFERROR(VLOOKUP($A22,koronahun!$A:$AM,2,FALSE),"") -> 2005399 | C22: =IFERROR(VLOOKUP($A22,koronahun!$A:$AM,3,FALSE),"") -> 18078 | D22: =IFERROR(VLOOKUP($A22,koronahun!$A:$AM,4,FALSE),"") -> 46966 | E22: =IFERROR(VLOOKUP($A22,koronahun!$A:$AM,5,FALSE),"") -> 1908907 | F22: =IFERROR(VLOOKUP($A22,koronahun!$A:$AM,6,FALSE),"") -> 11394556 | G22: =IFERROR(VLOOKUP($A22,koronahun!$A:$AM,7,FALSE),"") -> 1162709.8 | H22: =IFERROR(VLOOKUP($A22,koronahun!$A:$AM,8,FALSE),"") -> 0 | I22: =IFERROR(VLOOKUP($A22,koronahun!$A:$AM,9,FALSE),"") -> 0.0090966683 | J22: =IFERROR(VLOOKUP($A22,koronahun!$A:$AM,10,FALSE),"") -> 0.17599624 | K22: =IFERROR(VLOOKUP($A22,koronahun!$A:$AM,11,FALSE),"") -> 0 | L22: =IFERROR(VLOOKUP($A22,koronahun!$A:$AM,12,FALSE),"") -> 49526 | M22: =IFERROR(VLOOKUP($A22,koronahun!$A:$AM,13,FALSE),"") -> 0.023419778 | N22: =IFERROR(VLOOKUP($A22,koronahun!$A:$AM,14,FALSE),"") -> 0.95188389 | O22: =IFERROR(VLOOKUP($A22,koronahun!$A:$AM,15,FALSE),"") -> 2099 | P22: =IFERROR(VLOOKUP($A22,koronahun!$A:$AM,16,FALSE),"") -> 0 | Q22: =IFERROR(VLOOKUP($A22,koronahun!$A:$AM,17,FALSE),"") -> 0 | R22: =IFERROR(VLOOKUP($A22,koronahun!$A:$AM,18,FALSE),"") -> 80 | S22: =IFERROR(VLOOKUP($A22,koronahun!$A:$AM,19,FALSE),"") -> 10533 | T22: =IFERROR(VLOOKUP($A22,koronahun!$A:$AM,20,FALSE),"") -> 1501 | U22: =IFERROR(VLOOKUP($A22,koronahun!$A:$AM,21,FALSE),"") -> 22 | V22: =IFERROR(VLOOKUP($A22,koronahun!$A:$AM,22,FALSE),"") -> 0.024696332 | W22: =IFERROR(VLOOKUP($A22,koronahun!$A:$AM,23,FALSE),"") -> 1345 | X22: =IFERROR(VLOOKUP($A22,koronahun!$A:$AM,24,FALSE),"") -> 19 | Y22: =IFERROR(VLOOKUP($A22,koronahun!$A:$AM,25,FALSE),"") -> 0.030307313 | Z22: =IFERROR(VLOOKUP($A22,koronahun!$A:$AM,26,FALSE),"") -> 0.014656895 | AA22: =IFERROR(VLOOKUP($A22,koronahun!$A:$AM,27,FALSE),"") -> 0.82774725 | AB22: =IFERROR(VLOOKUP($A22,koronahun!$A:$AM,28,FALSE),"") -> 0 | AC22: =IFERROR(VLOOKUP($A22,koronahun!$A:$AM,29,FALSE),"") -> 2582.5714 | AD22: =IFERROR(VLOOKUP($A22,koronahun!$A:$AM,30,FALSE),"") -> 11.428571 | AE22: =IFERROR(VLOOKUP($A22,koronahun!$A:$AM,31,FALSE),"") -> 0 | AF22: =IFERROR(VLOOKUP($A22,koronahun!$A:$AM,32,FALSE),"") -> 0 | AG22: =IFERROR(VLOOKUP($A22,koronahun!$A:$AM,33,FALSE),"") -> 6414563 | AH22: =IFERROR(VLOOKUP($A22,koronahun!$A:$AM,34,FALSE),"") -> 592 | AI22: =IFERROR(VLOOKUP($A22,koronahun!$A:$AM,35,FALSE),"") -> 84.571429 | AJ22: =IFERROR(VLOOKUP($A22,koronahun!$A:$AM,36,FALSE),"") -> 6201022 | AK22: =IFERROR(VLOOKUP($A22,koronahun!$A:$AM,37,FALSE),"") -> 391 | AL22: =IFERROR(VLOOKUP($A22,koronahun!$A:$AM,38,FALSE),"") -> 55.857143 | AM22: =IFERROR(VLOOKUP($A22,koronahun!$A:$AM,39,FALSE),"") -> 1504.7143 | AN22: =IFERROR(__xludf.DUMMYFUNCTION("""COMPUTED_VALUE"""),43914) -> 43914 | AO22: =IFERROR(VLOOKUP(AN22,koronahun!A:B,2,FALSE),"") -> 187 | AP22: =IF(AO22="","",AN22) -> 43914 | AQ22: =IFERROR(__xludf.DUMMYFUNCTION("""COMPUTED_VALUE"""),43914) -> 43914 | AR22: 44790 | AS22: =IF(AR22="",AR23,AR22) -> 44790 | AT22: =IFERROR(__xludf.DUMMYFUNCTION("""COMPUTED_VALUE"""),44783) -> 44783
A23: 44776 | B23: =IFERROR(VLOOKUP($A23,koronahun!$A:$AM,2,FALSE),"") -> 1987321 | C23: =IFERROR(VLOOKUP($A23,koronahun!$A:$AM,3,FALSE),"") -> 21840 | D23: =IFERROR(VLOOKUP($A23,koronahun!$A:$AM,4,FALSE),"") -> 46886 | E23: =IFERROR(VLOOKUP($A23,koronahun!$A:$AM,5,FALSE),"") -> 1898374 | F23: =IFERROR(VLOOKUP($A23,koronahun!$A:$AM,6,FALSE),"") -> 11394556 | G23: =IFERROR(VLOOKUP($A23,koronahun!$A:$AM,7,FALSE),"") -> 1162709.8 | H23: =IFERROR(VLOOKUP($A23,koronahun!$A:$AM,8,FALSE),"") -> 0 | I23: =IFERROR(VLOOKUP($A23,koronahun!$A:$AM,9,FALSE),"") -> 0.011111784 | J23: =IFERROR(VLOOKUP($A23,koronahun!$A:$AM,10,FALSE),"") -> 0.17440969 | K23: =IFERROR(VLOOKUP($A23,koronahun!$A:$AM,11,FALSE),"") -> 0 | L23: =IFERROR(VLOOKUP($A23,koronahun!$A:$AM,12,FALSE),"") -> 42061 | M23: =IFERROR(VLOOKUP($A23,koronahun!$A:$AM,13,FALSE),"") -> 0.023592565 | N23: =IFERROR(VLOOKUP($A23,koronahun!$A:$AM,14,FALSE),"") -> 0.95524276 | O23: =IFERROR(VLOOKUP($A23,koronahun!$A:$AM,15,FALSE),"") -> 2115 | P23: =IFERROR(VLOOKUP($A23,koronahun!$A:$AM,16,FALSE),"") -> 0 | Q23: =IFERROR(VLOOKUP($A23,koronahun!$A:$AM,17,FALSE),"") -> 0 | R23: =IFERROR(VLOOKUP($A23,koronahun!$A:$AM,18,FALSE),"") -> 96 | S23: =IFERROR(VLOOKUP($A23,koronahun!$A:$AM,19,FALSE),"") -> 8193 | T23: =IFERROR(VLOOKUP($A23,koronahun!$A:$AM,20,FALSE),"") -> 1593 | U23: =IFERROR(VLOOKUP($A23,koronahun!$A:$AM,21,FALSE),"") -> 19 | V23: =IFERROR(VLOOKUP($A23,koronahun!$A:$AM,22,FALSE),"") -> 0.021164673 | W23: =IFERROR(VLOOKUP($A23,koronahun!$A:$AM,23,FALSE),"") -> 1345 | X23: =IFERROR(VLOOKUP($A23,koronahun!$A:$AM,24,FALSE),"") -> 19 | Y23: =IFERROR(VLOOKUP($A23,koronahun!$A:$AM,25,FALSE),"") -> 0.037873565 | Z23: =IFERROR(VLOOKUP($A23,koronahun!$A:$AM,26,FALSE),"") -> 0.011927181 | AA23: =IFERROR(VLOOKUP($A23,koronahun!$A:$AM,27,FALSE),"") -> 1.516456 | AB23: =IFERROR(VLOOKUP($A23,koronahun!$A:$AM,28,FALSE),"") -> 0 | AC23: =IFERROR(VLOOKUP($A23,koronahun!$A:$AM,29,FALSE),"") -> 3120 | AD23: =IFERROR(VLOOKUP($A23,koronahun!$A:$AM,30,FALSE),"") -> 13.714286 | AE23: =IFERROR(VLOOKUP($A23,koronahun!$A:$AM,31,FALSE),"") -> 0 | AF23: =IFERROR(VLOOKUP($A23,koronahun!$A:$AM,32,FALSE),"") -> 0 | AG23: =IFERROR(VLOOKUP($A23,koronahun!$A:$AM,33,FALSE),"") -> 6413971 | AH23: =IFERROR(VLOOKUP($A23,koronahun!$A:$AM,34,FALSE),"") -> 551 | AI23: =IFERROR(VLOOKUP($A23,koronahun!$A:$AM,35,FALSE),"") -> 78.714286 | AJ23: =IFERROR(VLOOKUP($A23,koronahun!$A:$AM,36,FALSE),"") -> 6200631 | AK23: =IFERROR(VLOOKUP($A23,koronahun!$A:$AM,37,FALSE),"") -> 406 | AL23: =IFERROR(VLOOKUP($A23,koronahun!$A:$AM,38,FALSE),"") -> 58 | AM23: =IFERROR(VLOOKUP($A23,koronahun!$A:$AM,39,FALSE),"") -> 1170.4286 | AN23: =IFERROR(__xludf.DUMMYFUNCTION("""COMPUTED_VALUE"""),43915) -> 43915 | AO23: =IFERROR(VLOOKUP(AN23,koronahun!A:B,2,FALSE),"") -> 226 | AP23: =IF(AO23="","",AN23) -> 43915 | AQ23: =IFERROR(__xludf.DUMMYFUNCTION("""COMPUTED_VALUE"""),43915) -> 43915 | AR23: 44783 | AS23: =IF(AR23="",AR24,AR23) -> 44783 | AT23: =IFERROR(__xludf.DUMMYFUNCTION("""COMPUTED_VALUE"""),44776) -> 44776
A24: 44769 | B24: =IFERROR(VLOOKUP($A24,koronahun!$A:$AM,2,FALSE),"") -> 1965481 | C24: =IFERROR(VLOOKUP($A24,koronahun!$A:$AM,3,FALSE),"") -> 14402 | D24: =IFERROR(VLOOKUP($A24,koronahun!$A:$AM,4,FALSE),"") -> 46790 | E24: =IFERROR(VLOOKUP($A24,koronahun!$A:$AM,5,FALSE),"") -> 1890181 | F24: =IFERROR(VLOOKUP($A24,koronahun!$A:$AM,6,FALSE),"") -> 11394556 | G24: =IFERROR(VLOOKUP($A24,koronahun!$A:$AM,7,FALSE),"") -> 1162709.8 | H24: =IFERROR(VLOOKUP($A24,koronahun!$A:$AM,8,FALSE),"") -> 0 | I24: =IFERROR(VLOOKUP($A24,koronahun!$A:$AM,9,FALSE),"") -> 0.0073815566 | J24: =IFERROR(VLOOKUP($A24,koronahun!$A:$AM,10,FALSE),"") -> 0.17249299 | K24: =IFERROR(VLOOKUP($A24,koronahun!$A:$AM,11,FALSE),"") -> 0 | L24: =IFERROR(VLOOKUP($A24,koronahun!$A:$AM,12,FALSE),"") -> 28510 | M24: =IFERROR(VLOOKUP($A24,koronahun!$A:$AM,13,FALSE),"") -> 0.023805878 | N24: =IFERROR(VLOOKUP($A24,koronahun!$A:$AM,14,FALSE),"") -> 0.96168877 | O24: =IFERROR(VLOOKUP($A24,koronahun!$A:$AM,15,FALSE),"") -> 1757 | P24: =IFERROR(VLOOKUP($A24,koronahun!$A:$AM,16,FALSE),"") -> 0 | Q24: =IFERROR(VLOOKUP($A24,koronahun!$A:$AM,17,FALSE),"") -> 0 | R24: =IFERROR(VLOOKUP($A24,koronahun!$A:$AM,18,FALSE),"") -> 54 | S24: =IFERROR(VLOOKUP($A24,koronahun!$A:$AM,19,FALSE),"") -> 7096 | T24: =IFERROR(VLOOKUP($A24,koronahun!$A:$AM,20,FALSE),"") -> 866 | U24: =IFERROR(VLOOKUP($A24,koronahun!$A:$AM,21,FALSE),"") -> 17 | V24: =IFERROR(VLOOKUP($A24,koronahun!$A:$AM,22,FALSE),"") -> 0.014505355 | W24: =IFERROR(VLOOKUP($A24,koronahun!$A:$AM,23,FALSE),"") -> 1345 | X24: =IFERROR(VLOOKUP($A24,koronahun!$A:$AM,24,FALSE),"") -> 19 | Y24: =IFERROR(VLOOKUP($A24,koronahun!$A:$AM,25,FALSE),"") -> 0.030375307 | Z24: =IFERROR(VLOOKUP($A24,koronahun!$A:$AM,26,FALSE),"") -> 0.019630485 | AA24: =IFERROR(VLOOKUP($A24,koronahun!$A:$AM,27,FALSE),"") -> 1.4043881 | AB24: =IFERROR(VLOOKUP($A24,koronahun!$A:$AM,28,FALSE),"") -> 0 | AC24: =IFERROR(VLOOKUP($A24,koronahun!$A:$AM,29,FALSE),"") -> 2057.4286 | AD24: =IFERROR(VLOOKUP($A24,koronahun!$A:$AM,30,FALSE),"") -> 7.7142857 | AE24: =IFERROR(VLOOKUP($A24,koronahun!$A:$AM,31,FALSE),"") -> 0 | AF24: =IFERROR(VLOOKUP($A24,koronahun!$A:$AM,32,FALSE),"") -> 0 | AG24: =IFERROR(VLOOKUP($A24,koronahun!$A:$AM,33,FALSE),"") -> 6413420 | AH24: =IFERROR(VLOOKUP($A24,koronahun!$A:$AM,34,FALSE),"") -> 577 | AI24: =IFERROR(VLOOKUP($A24,koronahun!$A:$AM,35,FALSE),"") -> 82.428571 | AJ24: =IFERROR(VLOOKUP($A24,koronahun!$A:$AM,36,FALSE),"") -> 6200225 | AK24: =IFERROR(VLOOKUP($A24,koronahun!$A:$AM,37,FALSE),"") -> 380 | AL24: =IFERROR(VLOOKUP($A24,koronahun!$A:$AM,38,FALSE),"") -> 54.285714 | AM24: =IFERROR(VLOOKUP($A24,koronahun!$A:$AM,39,FALSE),"") -> 1013.7143 | AN24: =IFERROR(__xludf.DUMMYFUNCTION("""COMPUTED_VALUE"""),43916) -> 43916 | AO24: =IFERROR(VLOOKUP(AN24,koronahun!A:B,2,FALSE),"") -> 261 | AP24: =IF(AO24="","",AN24) -> 43916 | AQ24: =IFERROR(__xludf.DUMMYFUNCTION("""COMPUTED_VALUE"""),43916) -> 43916 | AR24: 44776 | AS24: =IF(AR24="",AR25,AR24) -> 44776 | AT24: =IFERROR(__xludf.DUMMYFUNCTION("""COMPUTED_VALUE"""),44769) -> 44769
A25: 44762 | B25: =IFERROR(VLOOKUP($A25,koronahun!$A:$AM,2,FALSE),"") -> 1951079 | C25: =IFERROR(VLOOKUP($A25,koronahun!$A:$AM,3,FALSE),"") -> 10255 | D25: =IFERROR(VLOOKUP($A25,koronahun!$A:$AM,4,FALSE),"") -> 46736 | E25: =IFERROR(VLOOKUP($A25,koronahun!$A:$AM,5,FALSE),"") -> 1883085 | F25: =IFERROR(VLOOKUP($A25,koronahun!$A:$AM,6,FALSE),"") -> 11394556 | G25: =IFERROR(VLOOKUP($A25,koronahun!$A:$AM,7,FALSE),"") -> 1162709.8 | H25: =IFERROR(VLOOKUP($A25,koronahun!$A:$AM,8,FALSE),"") -> 0 | I25: =IFERROR(VLOOKUP($A25,koronahun!$A:$AM,9,FALSE),"") -> 0.0052838382 | J25: =IFERROR(VLOOKUP($A25,koronahun!$A:$AM,10,FALSE),"") -> 0.17122905 | K25: =IFERROR(VLOOKUP($A25,koronahun!$A:$AM,11,FALSE),"") -> 0 | L25: =IFERROR(VLOOKUP($A25,koronahun!$A:$AM,12,FALSE),"") -> 21258 | M25: =IFERROR(VLOOKUP($A25,koronahun!$A:$AM,13,FALSE),"") -> 0.023953925 | N25: =IFERROR(VLOOKUP($A25,koronahun!$A:$AM,14,FALSE),"") -> 0.96515057 | O25: =IFERROR(VLOOKUP($A25,koronahun!$A:$AM,15,FALSE),"") -> 1083 | P25: =IFERROR(VLOOKUP($A25,koronahun!$A:$AM,16,FALSE),"") -> 0 | Q25: =IFERROR(VLOOKUP($A25,koronahun!$A:$AM,17,FALSE),"") -> 0 | R25: =IFERROR(VLOOKUP($A25,koronahun!$A:$AM,18,FALSE),"") -> 40 | S25: =IFERROR(VLOOKUP($A25,koronahun!$A:$AM,19,FALSE),"") -> 4864 | T25: =IFERROR(VLOOKUP($A25,koronahun!$A:$AM,20,FALSE),"") -> 866 | U25: =IFERROR(VLOOKUP($A25,koronahun!$A:$AM,21,FALSE),"") -> 17 | V25: =IFERROR(VLOOKUP($A25,koronahun!$A:$AM,22,FALSE),"") -> 0.01089551 | W25: =IFERROR(VLOOKUP($A25,koronahun!$A:$AM,23,FALSE),"") -> 238 | X25: =IFERROR(VLOOKUP($A25,koronahun!$A:$AM,24,FALSE),"") -> 1 | Y25: =IFERROR(VLOOKUP($A25,koronahun!$A:$AM,25,FALSE),"") -> 0.040737605 | Z25: =IFERROR(VLOOKUP($A25,koronahun!$A:$AM,26,FALSE),"") -> 0.019630485 | AA25: =IFERROR(VLOOKUP($A25,koronahun!$A:$AM,27,FALSE),"") -> 1.2761324 | AB25: =IFERROR(VLOOKUP($A25,koronahun!$A:$AM,28,FALSE),"") -> 0 | AC25: =IFERROR(VLOOKUP($A25,koronahun!$A:$AM,29,FALSE),"") -> 1465 | AD25: =IFERROR(VLOOKUP($A25,koronahun!$A:$AM,30,FALSE),"") -> 5.7142857 | AE25: =IFERROR(VLOOKUP($A25,koronahun!$A:$AM,31,FALSE),"") -> 0 | AF25: =IFERROR(VLOOKUP($A25,koronahun!$A:$AM,32,FALSE),"") -> 0 | AG25: =IFERROR(VLOOKUP($A25,koronahun!$A:$AM,33,FALSE),"") -> 6412843 | AH25: =IFERROR(VLOOKUP($A25,koronahun!$A:$AM,34,FALSE),"") -> 457 | AI25: =IFERROR(VLOOKUP($A25,koronahun!$A:$AM,35,FALSE),"") -> 65.285714 | AJ25: =IFERROR(VLOOKUP($A25,koronahun!$A:$AM,36,FALSE),"") -> 6199845 | AK25: =IFERROR(VLOOKUP($A25,koronahun!$A:$AM,37,FALSE),"") -> 414 | AL25: =IFERROR(VLOOKUP($A25,koronahun!$A:$AM,38,FALSE),"") -> 59.142857 | AM25: =IFERROR(VLOOKUP($A25,koronahun!$A:$AM,39,FALSE),"") -> 694.85714 | AN25: =IFERROR(__xludf.DUMMYFUNCTION("""COMPUTED_VALUE"""),43917) -> 43917 | AO25: =IFERROR(VLOOKUP(AN25,koronahun!A:B,2,FALSE),"") -> 300 | AP25: =IF(AO25="","",AN25) -> 43917 | AQ25: =IFERROR(__xludf.DUMMYFUNCTION("""COMPUTED_VALUE"""),43917) -> 43917 | AR25: 44769 | AS25: =IF(AR25="",AR26,AR25) -> 44769 | AT25: =IFERROR(__xludf.DUMMYFUNCTION("""COMPUTED_VALUE"""),44762) -> 44762
A26: 44755 | B26: =IFERROR(VLOOKUP($A26,koronahun!$A:$AM,2,FALSE),"") -> 1940824 | C26: =IFERROR(VLOOKUP($A26,koronahun!$A:$AM,3,FALSE),"") -> 8036 | D26: =IFERROR(VLOOKUP($A26,koronahun!$A:$AM,4,FALSE),"") -> 46696 | E26: =IFERROR(VLOOKUP($A26,koronahun!$A:$AM,5,FALSE),"") -> 1878221 | F26: =IFERROR(VLOOKUP($A26,koronahun!$A:$AM,6,FALSE),"") -> 11394556 | G26: =IFERROR(VLOOKUP($A26,koronahun!$A:$AM,7,FALSE),"") -> 1162709.8 | H26: =IFERROR(VLOOKUP($A26,koronahun!$A:$AM,8,FALSE),"") -> 0 | I26: =IFERROR(VLOOKUP($A26,koronahun!$A:$AM,9,FALSE),"") -> 0.0041577245 | J26: =IFERROR(VLOOKUP($A26,koronahun!$A:$AM,10,FALSE),"") -> 0.17032906 | K26: =IFERROR(VLOOKUP($A26,koronahun!$A:$AM,11,FALSE),"") -> 0 | L26: =IFERROR(VLOOKUP($A26,koronahun!$A:$AM,12,FALSE),"") -> 15907 | M26: =IFERROR(VLOOKUP($A26,koronahun!$A:$AM,13,FALSE),"") -> 0.024059884 | N26: =IFERROR(VLOOKUP($A26,koronahun!$A:$AM,14,FALSE),"") -> 0.96774411 | O26: =IFERROR(VLOOKUP($A26,koronahun!$A:$AM,15,FALSE),"") -> 727 | P26: =IFERROR(VLOOKUP($A26,koronahun!$A:$AM,16,FALSE),"") -> 0 | Q26: =IFERROR(VLOOKUP($A26,koronahun!$A:$AM,17,FALSE),"") -> 0 | R26: =IFERROR(VLOOKUP($A26,koronahun!$A:$AM,18,FALSE),"") -> 35 | S26: =IFERROR(VLOOKUP($A26,koronahun!$A:$AM,19,FALSE),"") -> 3289 | T26: =IFERROR(VLOOKUP($A26,koronahun!$A:$AM,20,FALSE),"") -> 628 | U26: =IFERROR(VLOOKUP($A26,koronahun!$A:$AM,21,FALSE),"") -> 16 | V26: =IFERROR(VLOOKUP($A26,koronahun!$A:$AM,22,FALSE),"") -> 0.0081960033 | W26: =IFERROR(VLOOKUP($A26,koronahun!$A:$AM,23,FALSE),"") -> 140 | X26: =IFERROR(VLOOKUP($A26,koronahun!$A:$AM,24,FALSE),"") -> 6 | Y26: =IFERROR(VLOOKUP($A26,koronahun!$A:$AM,25,FALSE),"") -> 0.039479474 | Z26: =IFERROR(VLOOKUP($A26,koronahun!$A:$AM,26,FALSE),"") -> 0.025477707 | AA26: =IFERROR(VLOOKUP($A26,koronahun!$A:$AM,27,FALSE),"") -> 1.7233541 | AB26: =IFERROR(VLOOKUP($A26,koronahun!$A:$AM,28,FALSE),"") -> 0 | AC26: =IFERROR(VLOOKUP($A26,koronahun!$A:$AM,29,FALSE),"") -> 1148 | AD26: =IFERROR(VLOOKUP($A26,koronahun!$A:$AM,30,FALSE),"") -> 5 | AE26: =IFERROR(VLOOKUP($A26,koronahun!$A:$AM,31,FALSE),"") -> 0 | AF26: =IFERROR(VLOOKUP($A26,koronahun!$A:$AM,32,FALSE),"") -> 0 | AG26: =IFERROR(VLOOKUP($A26,koronahun!$A:$AM,33,FALSE),"") -> 6412386 | AH26: =IFERROR(VLOOKUP($A26,koronahun!$A:$AM,34,FALSE),"") -> 389 | AI26: =IFERROR(VLOOKUP($A26,koronahun!$A:$AM,35,FALSE),"") -> 55.571429 | AJ26: =IFERROR(VLOOKUP($A26,koronahun!$A:$AM,36,FALSE),"") -> 6199431 | AK26: =IFERROR(VLOOKUP($A26,koronahun!$A:$AM,37,FALSE),"") -> 393 | AL26: =IFERROR(VLOOKUP($A26,koronahun!$A:$AM,38,FALSE),"") -> 56.142857 | AM26: =IFERROR(VLOOKUP($A26,koronahun!$A:$AM,39,FALSE),"") -> 469.85714 | AN26: =IFERROR(__xludf.DUMMYFUNCTION("""COMPUTED_VALUE"""),43918) -> 43918 | AO26: =IFERROR(VLOOKUP(AN26,koronahun!A:B,2,FALSE),"") -> 343 | AP26: =IF(AO26="","",AN26) -> 43918 | AQ26: =IFERROR(__xludf.DUMMYFUNCTION("""COMPUTED_VALUE"""),43918) -> 43918 | AR26: 44762 | AS26: =IF(AR26="",AR27,AR26) -> 44762 | AT26: =IFERROR(__xludf.DUMMYFUNCTION("""COMPUTED_VALUE"""),44755) -> 44755
A27: 44748 | B27: =IFERROR(VLOOKUP($A27,koronahun!$A:$AM,2,FALSE),"") -> 1932788 | C27: =IFERROR(VLOOKUP($A27,koronahun!$A:$AM,3,FALSE),"") -> 4663 | D27: =IFERROR(VLOOKUP($A27,koronahun!$A:$AM,4,FALSE),"") -> 46661 | E27: =IFERROR(VLOOKUP($A27,koronahun!$A:$AM,5,FALSE),"") -> 1874932 | F27: =IFERROR(VLOOKUP($A27,koronahun!$A:$AM,6,FALSE),"") -> 11394556 | G27: =IFERROR(VLOOKUP($A27,koronahun!$A:$AM,7,FALSE),"") -> 1162709.8 | H27: =IFERROR(VLOOKUP($A27,koronahun!$A:$AM,8,FALSE),"") -> 0 | I27: =IFERROR(VLOOKUP($A27,koronahun!$A:$AM,9,FALSE),"") -> 0.0024184117 | J27: =IFERROR(VLOOKUP($A27,koronahun!$A:$AM,10,FALSE),"") -> 0.16962381 | K27: =IFERROR(VLOOKUP($A27,koronahun!$A:$AM,11,FALSE),"") -> 0 | L27: =IFERROR(VLOOKUP($A27,koronahun!$A:$AM,12,FALSE),"") -> 11195 | M27: =IFERROR(VLOOKUP($A27,koronahun!$A:$AM,13,FALSE),"") -> 0.02414181 | N27: =IFERROR(VLOOKUP($A27,koronahun!$A:$AM,14,FALSE),"") -> 0.97006604 | O27: =IFERROR(VLOOKUP($A27,koronahun!$A:$AM,15,FALSE),"") -> 428 | P27: =IFERROR(VLOOKUP($A27,koronahun!$A:$AM,16,FALSE),"") -> 0 | Q27: =IFERROR(VLOOKUP($A27,koronahun!$A:$AM,17,FALSE),"") -> 0 | R27: =IFERROR(VLOOKUP($A27,koronahun!$A:$AM,18,FALSE),"") -> 14 | S27: =IFERROR(VLOOKUP($A27,koronahun!$A:$AM,19,FALSE),"") -> 3002 | T27: =IFERROR(VLOOKUP($A27,koronahun!$A:$AM,20,FALSE),"") -> 488 | U27: =IFERROR(VLOOKUP($A27,koronahun!$A:$AM,21,FALSE),"") -> 10 | V27: =IFERROR(VLOOKUP($A27,koronahun!$A:$AM,22,FALSE),"") -> 0.005792151 | W27: =IFERROR(VLOOKUP($A27,koronahun!$A:$AM,23,FALSE),"") -> 255 | X27: =IFERROR(VLOOKUP($A27,koronahun!$A:$AM,24,FALSE),"") -> 5 | Y27: =IFERROR(VLOOKUP($A27,koronahun!$A:$AM,25,FALSE),"") -> 0.043590889 | Z27: =IFERROR(VLOOKUP($A27,koronahun!$A:$AM,26,FALSE),"") -> 0.020491803 | AA27: =IFERROR(VLOOKUP($A27,koronahun!$A:$AM,27,FALSE),"") -> 1.5328731 | AB27: =IFERROR(VLOOKUP($A27,koronahun!$A:$AM,28,FALSE),"") -> 0 | AC27: =IFERROR(VLOOKUP($A27,koronahun!$A:$AM,29,FALSE),"") -> 666.14286 | AD27: =IFERROR(VLOOKUP($A27,koronahun!$A:$AM,30,FALSE),"") -> 2 | AE27: =IFERROR(VLOOKUP($A27,koronahun!$A:$AM,31,FALSE),"") -> 0 | AF27: =IFERROR(VLOOKUP($A27,koronahun!$A:$AM,32,FALSE),"") -> 0 | AG27: =IFERROR(VLOOKUP($A27,koronahun!$A:$AM,33,FALSE),"") -> 6411997 | AH27: =IFERROR(VLOOKUP($A27,koronahun!$A:$AM,34,FALSE),"") -> 193 | AI27: =IFERROR(VLOOKUP($A27,koronahun!$A:$AM,35,FALSE),"") -> 27.571429 | AJ27: =IFERROR(VLOOKUP($A27,koronahun!$A:$AM,36,FALSE),"") -> 6199038 | AK27: =IFERROR(VLOOKUP($A27,koronahun!$A:$AM,37,FALSE),"") -> 240 | AL27: =IFERROR(VLOOKUP($A27,koronahun!$A:$AM,38,FALSE),"") -> 34.285714 | AM27: =IFERROR(VLOOKUP($A27,koronahun!$A:$AM,39,FALSE),"") -> 428.85714 | AN27: =IFERROR(__xludf.DUMMYFUNCTION("""COMPUTED_VALUE"""),43919) -> 43919 | AO27: =IFERROR(VLOOKUP(AN27,koronahun!A:B,2,FALSE),"") -> 408 | AP27: =IF(AO27="","",AN27) -> 43919 | AQ27: =IFERROR(__xludf.DUMMYFUNCTION("""COMPUTED_VALUE"""),43919) -> 43919 | AR27: 44755 | AS27: =IF(AR27="",AR28,AR27) -> 44755 | AT27: =IFERROR(__xludf.DUMMYFUNCTION("""COMPUTED_VALUE"""),44748) -> 44748
A28: 44741 | B28: =IFERROR(VLOOKUP($A28,koronahun!$A:$AM,2,FALSE),"") -> 1928125 | C28: =IFERROR(VLOOKUP($A28,koronahun!$A:$AM,3,FALSE),"") -> 3042 | D28: =IFERROR(VLOOKUP($A28,koronahun!$A:$AM,4,FALSE),"") -> 46647 | E28: =IFERROR(VLOOKUP($A28,koronahun!$A:$AM,5,FALSE),"") -> 1871930 | F28: =IFERROR(VLOOKUP($A28,koronahun!$A:$AM,6,FALSE),"") -> 11394556 | G28: =IFERROR(VLOOKUP($A28,koronahun!$A:$AM,7,FALSE),"") -> 1162709.8 | H28: =IFERROR(VLOOKUP($A28,koronahun!$A:$AM,8,FALSE),"") -> 0 | I28: =IFERROR(VLOOKUP($A28,koronahun!$A:$AM,9,FALSE),"") -> 0.0015801916 | J28: =IFERROR(VLOOKUP($A28,koronahun!$A:$AM,10,FALSE),"") -> 0.16921458 | K28: =IFERROR(VLOOKUP($A28,koronahun!$A:$AM,11,FALSE),"") -> 0 | L28: =IFERROR(VLOOKUP($A28,koronahun!$A:$AM,12,FALSE),"") -> 9548 | M28: =IFERROR(VLOOKUP($A28,koronahun!$A:$AM,13,FALSE),"") -> 0.024192934 | N28: =IFERROR(VLOOKUP($A28,koronahun!$A:$AM,14,FALSE),"") -> 0.97085511 | O28: =IFERROR(VLOOKUP($A28,koronahun!$A:$AM,15,FALSE),"") -> 208 | P28: =IFERROR(VLOOKUP($A28,koronahun!$A:$AM,16,FALSE),"") -> 0 | Q28: =IFERROR(VLOOKUP($A28,koronahun!$A:$AM,17,FALSE),"") -> 0 | R28: =IFERROR(VLOOKUP($A28,koronahun!$A:$AM,18,FALSE),"") -> 21 | S28: =IFERROR(VLOOKUP($A28,koronahun!$A:$AM,19,FALSE),"") -> 2686 | T28: =IFERROR(VLOOKUP($A28,koronahun!$A:$AM,20,FALSE),"") -> 233 | U28: =IFERROR(VLOOKUP($A28,koronahun!$A:$AM,21,FALSE),"") -> 5 | V28: =IFERROR(VLOOKUP($A28,koronahun!$A:$AM,22,FALSE),"") -> 0.0049519611 | W28: =IFERROR(VLOOKUP($A28,koronahun!$A:$AM,23,FALSE),"") -> 36 | X28: =IFERROR(VLOOKUP($A28,koronahun!$A:$AM,24,FALSE),"") -> -1 | Y28: =IFERROR(VLOOKUP($A28,koronahun!$A:$AM,25,FALSE),"") -> 0.024403016 | Z28: =IFERROR(VLOOKUP($A28,koronahun!$A:$AM,26,FALSE),"") -> 0.021459227 | AA28: =IFERROR(VLOOKUP($A28,koronahun!$A:$AM,27,FALSE),"") -> 1.5512494 | AB28: =IFERROR(VLOOKUP($A28,koronahun!$A:$AM,28,FALSE),"") -> 0 | AC28: =IFERROR(VLOOKUP($A28,koronahun!$A:$AM,29,FALSE),"") -> 434.57143 | AD28: =IFERROR(VLOOKUP($A28,koronahun!$A:$AM,30,FALSE),"") -> 3 | AE28: =IFERROR(VLOOKUP($A28,koronahun!$A:$AM,31,FALSE),"") -> 0 | AF28: =IFERROR(VLOOKUP($A28,koronahun!$A:$AM,32,FALSE),"") -> 0 | AG28: =IFERROR(VLOOKUP($A28,koronahun!$A:$AM,33,FALSE),"") -> 6411804 | AH28: =IFERROR(VLOOKUP($A28,koronahun!$A:$AM,34,FALSE),"") -> 420 | AI28: =IFERROR(VLOOKUP($A28,koronahun!$A:$AM,35,FALSE),"") -> 60 | AJ28: =IFERROR(VLOOKUP($A28,koronahun!$A:$AM,36,FALSE),"") -> 6198798 | AK28: =IFERROR(VLOOKUP($A28,koronahun!$A:$AM,37,FALSE),"") -> 480 | AL28: =IFERROR(VLOOKUP($A28,koronahun!$A:$AM,38,FALSE),"") -> 68.571429 | AM28: =IFERROR(VLOOKUP($A28,koronahun!$A:$AM,39,FALSE),"") -> 383.71429 | AN28: =IFERROR(__xludf.DUMMYFUNCTION("""COMPUTED_VALUE"""),43920) -> 43920 | AO28: =IFERROR(VLOOKUP(AN28,koronahun!A:B,2,FALSE),"") -> 447 | AP28: =IF(AO28="","",AN28) -> 43920 | AQ28: =IFERROR(__xludf.DUMMYFUNCTION("""COMPUTED_VALUE"""),43920) -> 43920 | AR28: 44748 | AS28: =IF(AR28="",AR29,AR28) -> 44748 | AT28: =IFERROR(__xludf.DUMMYFUNCTION("""COMPUTED_VALUE"""),44741) -> 44741
A29: 44734 | B29: =IFERROR(VLOOKUP($A29,koronahun!$A:$AM,2,FALSE),"") -> 1925083 | C29: =IFERROR(VLOOKUP($A29,koronahun!$A:$AM,3,FALSE),"") -> 1961 | D29: =IFERROR(VLOOKUP($A29,koronahun!$A:$AM,4,FALSE),"") -> 46626 | E29: =IFERROR(VLOOKUP($A29,koronahun!$A:$AM,5,FALSE),"") -> 1869244 | F29: =IFERROR(VLOOKUP($A29,koronahun!$A:$AM,6,FALSE),"") -> 11394556 | G29: =IFERROR(VLOOKUP($A29,koronahun!$A:$AM,7,FALSE),"") -> 1162709.8 | H29: =IFERROR(VLOOKUP($A29,koronahun!$A:$AM,8,FALSE),"") -> 0 | I29: =IFERROR(VLOOKUP($A29,koronahun!$A:$AM,9,FALSE),"") -> 0.0010196961 | J29: =IFERROR(VLOOKUP($A29,koronahun!$A:$AM,10,FALSE),"") -> 0.16894761 | K29: =IFERROR(VLOOKUP($A29,koronahun!$A:$AM,11,FALSE),"") -> 0 | L29: =IFERROR(VLOOKUP($A29,koronahun!$A:$AM,12,FALSE),"") -> 9213 | M29: =IFERROR(VLOOKUP($A29,koronahun!$A:$AM,13,FALSE),"") -> 0.024220254 | N29: =IFERROR(VLOOKUP($A29,koronahun!$A:$AM,14,FALSE),"") -> 0.97099398 | O29: =IFERROR(VLOOKUP($A29,koronahun!$A:$AM,15,FALSE),"") -> 237 | P29: =IFERROR(VLOOKUP($A29,koronahun!$A:$AM,16,FALSE),"") -> 0 | Q29: =IFERROR(VLOOKUP($A29,koronahun!$A:$AM,17,FALSE),"") -> 0 | R29: =IFERROR(VLOOKUP($A29,koronahun!$A:$AM,18,FALSE),"") -> 32 | S29: =IFERROR(VLOOKUP($A29,koronahun!$A:$AM,19,FALSE),"") -> 6910 | T29: =IFERROR(VLOOKUP($A29,koronahun!$A:$AM,20,FALSE),"") -> 197 | U29: =IFERROR(VLOOKUP($A29,koronahun!$A:$AM,21,FALSE),"") -> 6 | V29: =IFERROR(VLOOKUP($A29,koronahun!$A:$AM,22,FALSE),"") -> 0.0047857677 | W29: =IFERROR(VLOOKUP($A29,koronahun!$A:$AM,23,FALSE),"") -> -35 | X29: =IFERROR(VLOOKUP($A29,koronahun!$A:$AM,24,FALSE),"") -> -1 | Y29: =IFERROR(VLOOKUP($A29,koronahun!$A:$AM,25,FALSE),"") -> 0.021382829 | Z29: =IFERROR(VLOOKUP($A29,koronahun!$A:$AM,26,FALSE),"") -> 0.030456853 | AA29: =IFERROR(VLOOKUP($A29,koronahun!$A:$AM,27,FALSE),"") -> 1.1986553 | AB29: =IFERROR(VLOOKUP($A29,koronahun!$A:$AM,28,FALSE),"") -> 0 | AC29: =IFERROR(VLOOKUP($A29,koronahun!$A:$AM,29,FALSE),"") -> 280.14286 | AD29: =IFERROR(VLOOKUP($A29,koronahun!$A:$AM,30,FALSE),"") -> 4.5714286 | AE29: =IFERROR(VLOOKUP($A29,koronahun!$A:$AM,31,FALSE),"") -> 0 | AF29: =IFERROR(VLOOKUP($A29,koronahun!$A:$AM,32,FALSE),"") -> 0 | AG29: =IFERROR(VLOOKUP($A29,koronahun!$A:$AM,33,FALSE),"") -> 6411384 | AH29: =IFERROR(VLOOKUP($A29,koronahun!$A:$AM,34,FALSE),"") -> 438 | AI29: =IFERROR(VLOOKUP($A29,koronahun!$A:$AM,35,FALSE),"") -> 62.571429 | AJ29: =IFERROR(VLOOKUP($A29,koronahun!$A:$AM,36,FALSE),"") -> 6198318 | AK29: =IFERROR(VLOOKUP($A29,koronahun!$A:$AM,37,FALSE),"") -> 350 | AL29: =IFERROR(VLOOKUP($A29,koronahun!$A:$AM,38,FALSE),"") -> 50 | AM29: =IFERROR(VLOOKUP($A29,koronahun!$A:$AM,39,FALSE),"") -> 987.14286 | AN29: =IFERROR(__xludf.DUMMYFUNCTION("""COMPUTED_VALUE"""),43921) -> 43921 | AO29: =IFERROR(VLOOKUP(AN29,koronahun!A:B,2,FALSE),"") -> 492 | AP29: =IF(AO29="","",AN29) -> 43921 | AQ29: =IFERROR(__xludf.DUMMYFUNCTION("""COMPUTED_VALUE"""),43921) -> 43921 | AR29: 44741 | AS29: =IF(AR29="",AR30,AR29) -> 44741 | AT29: =IFERROR(__xludf.DUMMYFUNCTION("""COMPUTED_VALUE"""),44734) -> 44734
A30: 44727 | B30: =IFERROR(VLOOKUP($A30,koronahun!$A:$AM,2,FALSE),"") -> 1923122 | C30: =IFERROR(VLOOKUP($A30,koronahun!$A:$AM,3,FALSE),"") -> 1636 | D30: =IFERROR(VLOOKUP($A30,koronahun!$A:$AM,4,FALSE),"") -> 46594 | E30: =IFERROR(VLOOKUP($A30,koronahun!$A:$AM,5,FALSE),"") -> 1862334 | F30: =IFERROR(VLOOKUP($A30,koronahun!$A:$AM,6,FALSE),"") -> 11394556 | G30: =IFERROR(VLOOKUP($A30,koronahun!$A:$AM,7,FALSE),"") -> 1162709.8 | H30: =IFERROR(VLOOKUP($A30,koronahun!$A:$AM,8,FALSE),"") -> 0 | I30: =IFERROR(VLOOKUP($A30,koronahun!$A:$AM,9,FALSE),"") -> 0.00085142437 | J30: =IFERROR(VLOOKUP($A30,koronahun!$A:$AM,10,FALSE),"") -> 0.16877551 | K30: =IFERROR(VLOOKUP($A30,koronahun!$A:$AM,11,FALSE),"") -> 0 | L30: =IFERROR(VLOOKUP($A30,koronahun!$A:$AM,12,FALSE),"") -> 14194 | M30: =IFERROR(VLOOKUP($A30,koronahun!$A:$AM,13,FALSE),"") -> 0.024228312 | N30: =IFERROR(VLOOKUP($A30,koronahun!$A:$AM,14,FALSE),"") -> 0.96839098 | O30: =IFERROR(VLOOKUP($A30,koronahun!$A:$AM,15,FALSE),"") -> 237 | P30: =IFERROR(VLOOKUP($A30,koronahun!$A:$AM,16,FALSE),"") -> 0 | Q30: =IFERROR(VLOOKUP($A30,koronahun!$A:$AM,17,FALSE),"") -> 0 | R30: =IFERROR(VLOOKUP($A30,koronahun!$A:$AM,18,FALSE),"") -> 23 | S30: =IFERROR(VLOOKUP($A30,koronahun!$A:$AM,19,FALSE),"") -> 9240 | T30: =IFERROR(VLOOKUP($A30,koronahun!$A:$AM,20,FALSE),"") -> 232 | U30: =IFERROR(VLOOKUP($A30,koronahun!$A:$AM,21,FALSE),"") -> 7 | V30: =IFERROR(VLOOKUP($A30,koronahun!$A:$AM,22,FALSE),"") -> 0.007380707 | W30: =IFERROR(VLOOKUP($A30,koronahun!$A:$AM,23,FALSE),"") -> -60 | X30: =IFERROR(VLOOKUP($A30,koronahun!$A:$AM,24,FALSE),"") -> -1 | Y30: =IFERROR(VLOOKUP($A30,koronahun!$A:$AM,25,FALSE),"") -> 0.016344934 | Z30: =IFERROR(VLOOKUP($A30,koronahun!$A:$AM,26,FALSE),"") -> 0.030172414 | AA30: =IFERROR(VLOOKUP($A30,koronahun!$A:$AM,27,FALSE),"") -> 0.99392467 | AB30: =IFERROR(VLOOKUP($A30,koronahun!$A:$AM,28,FALSE),"") -> 0 | AC30: =IFERROR(VLOOKUP($A30,koronahun!$A:$AM,29,FALSE),"") -> 233.71429 | AD30: =IFERROR(VLOOKUP($A30,koronahun!$A:$AM,30,FALSE),"") -> 3.2857143 | AE30: =IFERROR(VLOOKUP($A30,koronahun!$A:$AM,31,FALSE),"") -> 0 | AF30: =IFERROR(VLOOKUP($A30,koronahun!$A:$AM,32,FALSE),"") -> 0 | AG30: =IFERROR(VLOOKUP($A30,koronahun!$A:$AM,33,FALSE),"") -> 6410946 | AH30: =IFERROR(VLOOKUP($A30,koronahun!$A:$AM,34,FALSE),"") -> 413 | AI30: =IFERROR(VLOOKUP($A30,koronahun!$A:$AM,35,FALSE),"") -> 59 | AJ30: =IFERROR(VLOOKUP($A30,koronahun!$A:$AM,36,FALSE),"") -> 6197968 | AK30: =IFERROR(VLOOKUP($A30,koronahun!$A:$AM,37,FALSE),"") -> 841 | AL30: =IFERROR(VLOOKUP($A30,koronahun!$A:$AM,38,FALSE),"") -> 120.14286 | AM30: =IFERROR(VLOOKUP($A30,koronahun!$A:$AM,39,FALSE),"") -> 1320 | AN30: =IFERROR(__xludf.DUMMYFUNCTION("""COMPUTED_VALUE"""),43922) -> 43922 | AO30: =IFERROR(VLOOKUP(AN30,koronahun!A:B,2,FALSE),"") -> 525 | AP30: =IF(AO30="","",AN30) -> 43922 | AQ30: =IFERROR(__xludf.DUMMYFUNCTION("""COMPUTED_VALUE"""),43922) -> 43922 | AR30: 44734 | AS30: =IF(AR30="",AR31,AR30) -> 44734 | AT30: =IFERROR(__xludf.DUMMYFUNCTION("""COMPUTED_VALUE"""),44727) -> 44727
A31: 44720 | B31: =IFERROR(VLOOKUP($A31,koronahun!$A:$AM,2,FALSE),"") -> 1921486 | C31: =IFERROR(VLOOKUP($A31,koronahun!$A:$AM,3,FALSE),"") -> 1646 | D31: =IFERROR(VLOOKUP($A31,koronahun!$A:$AM,4,FALSE),"") -> 46571 | E31: =IFERROR(VLOOKUP($A31,koronahun!$A:$AM,5,FALSE),"") -> 1853094 | F31: =IFERROR(VLOOKUP($A31,koronahun!$A:$AM,6,FALSE),"") -> 11394556 | G31: =IFERROR(VLOOKUP($A31,koronahun!$A:$AM,7,FALSE),"") -> 1162709.8 | H31: =IFERROR(VLOOKUP($A31,koronahun!$A:$AM,8,FALSE),"") -> 0 | I31: =IFERROR(VLOOKUP($A31,koronahun!$A:$AM,9,FALSE),"") -> 0.00085736311 | J31: =IFERROR(VLOOKUP($A31,koronahun!$A:$AM,10,FALSE),"") -> 0.16863193 | K31: =IFERROR(VLOOKUP($A31,koronahun!$A:$AM,11,FALSE),"") -> 0 | L31: =IFERROR(VLOOKUP($A31,koronahun!$A:$AM,12,FALSE),"") -> 21821 | M31: =IFERROR(VLOOKUP($A31,koronahun!$A:$AM,13,FALSE),"") -> 0.024236971 | N31: =IFERROR(VLOOKUP($A31,koronahun!$A:$AM,14,FALSE),"") -> 0.96440671 | O31: =IFERROR(VLOOKUP($A31,koronahun!$A:$AM,15,FALSE),"") -> 238 | P31: =IFERROR(VLOOKUP($A31,koronahun!$A:$AM,16,FALSE),"") -> 0 | Q31: =IFERROR(VLOOKUP($A31,koronahun!$A:$AM,17,FALSE),"") -> 0 | R31: =IFERROR(VLOOKUP($A31,koronahun!$A:$AM,18,FALSE),"") -> 24 | S31: =IFERROR(VLOOKUP($A31,koronahun!$A:$AM,19,FALSE),"") -> 5348 | T31: =IFERROR(VLOOKUP($A31,koronahun!$A:$AM,20,FALSE),"") -> 292 | U31: =IFERROR(VLOOKUP($A31,koronahun!$A:$AM,21,FALSE),"") -> 8 | V31: =IFERROR(VLOOKUP($A31,koronahun!$A:$AM,22,FALSE),"") -> 0.011356315 | W31: =IFERROR(VLOOKUP($A31,koronahun!$A:$AM,23,FALSE),"") -> -70 | X31: =IFERROR(VLOOKUP($A31,koronahun!$A:$AM,24,FALSE),"") -> -5 | Y31: =IFERROR(VLOOKUP($A31,koronahun!$A:$AM,25,FALSE),"") -> 0.013381605 | Z31: =IFERROR(VLOOKUP($A31,koronahun!$A:$AM,26,FALSE),"") -> 0.02739726 | AA31: =IFERROR(VLOOKUP($A31,koronahun!$A:$AM,27,FALSE),"") -> 0.79786718 | AB31: =IFERROR(VLOOKUP($A31,koronahun!$A:$AM,28,FALSE),"") -> 0 | AC31: =IFERROR(VLOOKUP($A31,koronahun!$A:$AM,29,FALSE),"") -> 235.14286 | AD31: =IFERROR(VLOOKUP($A31,koronahun!$A:$AM,30,FALSE),"") -> 3.4285714 | AE31: =IFERROR(VLOOKUP($A31,koronahun!$A:$AM,31,FALSE),"") -> 0 | AF31: =IFERROR(VLOOKUP($A31,koronahun!$A:$AM,32,FALSE),"") -> 0 | AG31: =IFERROR(VLOOKUP($A31,koronahun!$A:$AM,33,FALSE),"") -> 6410533 | AH31: =IFERROR(VLOOKUP($A31,koronahun!$A:$AM,34,FALSE),"") -> 474 | AI31: =IFERROR(VLOOKUP($A31,koronahun!$A:$AM,35,FALSE),"") -> 67.714286 | AJ31: =IFERROR(VLOOKUP($A31,koronahun!$A:$AM,36,FALSE),"") -> 6197127 | AK31: =IFERROR(VLOOKUP($A31,koronahun!$A:$AM,37,FALSE),"") -> 644 | AL31: =IFERROR(VLOOKUP($A31,koronahun!$A:$AM,38,FALSE),"") -> 92 | AM31: =IFERROR(VLOOKUP($A31,koronahun!$A:$AM,39,FALSE),"") -> 764 | AN31: =IFERROR(__xludf.DUMMYFUNCTION("""COMPUTED_VALUE"""),43923) -> 43923 | AO31: =IFERROR(VLOOKUP(AN31,koronahun!A:B,2,FALSE),"") -> 585 | AP31: =IF(AO31="","",AN31) -> 43923 | AQ31: =IFERROR(__xludf.DUMMYFUNCTION("""COMPUTED_VALUE"""),43923) -> 43923 | AR31: 44727 | AS31: =IF(AR31="",AR32,AR31) -> 44727 | AT31: =IFERROR(__xludf.DUMMYFUNCTION("""COMPUTED_VALUE"""),44720) -> 44720
A32: 44713 | B32: =IFERROR(VLOOKUP($A32,koronahun!$A:$AM,2,FALSE),"") -> 1919840 | C32: =IFERROR(VLOOKUP($A32,koronahun!$A:$AM,3,FALSE),"") -> 2063 | D32: =IFERROR(VLOOKUP($A32,koronahun!$A:$AM,4,FALSE),"") -> 46547 | E32: =IFERROR(VLOOKUP($A32,koronahun!$A:$AM,5,FALSE),"") -> 1847746 | F32: =IFERROR(VLOOKUP($A32,koronahun!$A:$AM,6,FALSE),"") -> 11394556 | G32: =IFERROR(VLOOKUP($A32,koronahun!$A:$AM,7,FALSE),"") -> 1162709.8 | H32: =IFERROR(VLOOKUP($A32,koronahun!$A:$AM,8,FALSE),"") -> 0 | I32: =IFERROR(VLOOKUP($A32,koronahun!$A:$AM,9,FALSE),"") -> 0.0010757247 | J32: =IFERROR(VLOOKUP($A32,koronahun!$A:$AM,10,FALSE),"") -> 0.16848748 | K32: =IFERROR(VLOOKUP($A32,koronahun!$A:$AM,11,FALSE),"") -> 0 | L32: =IFERROR(VLOOKUP($A32,koronahun!$A:$AM,12,FALSE),"") -> 25547 | M32: =IFERROR(VLOOKUP($A32,koronahun!$A:$AM,13,FALSE),"") -> 0.02424525 | N32: =IFERROR(VLOOKUP($A32,koronahun!$A:$AM,14,FALSE),"") -> 0.96244791 | O32: =IFERROR(VLOOKUP($A32,koronahun!$A:$AM,15,FALSE),"") -> 345 | P32: =IFERROR(VLOOKUP($A32,koronahun!$A:$AM,16,FALSE),"") -> 0 | Q32: =IFERROR(VLOOKUP($A32,koronahun!$A:$AM,17,FALSE),"") -> 0 | R32: =IFERROR(VLOOKUP($A32,koronahun!$A:$AM,18,FALSE),"") -> 40 | S32: =IFERROR(VLOOKUP($A32,koronahun!$A:$AM,19,FALSE),"") -> 6015 | T32: =IFERROR(VLOOKUP($A32,koronahun!$A:$AM,20,FALSE),"") -> 362 | U32: =IFERROR(VLOOKUP($A32,koronahun!$A:$AM,21,FALSE),"") -> 13 | V32: =IFERROR(VLOOKUP($A32,koronahun!$A:$AM,22,FALSE),"") -> 0.013306838 | W32: =IFERROR(VLOOKUP($A32,koronahun!$A:$AM,23,FALSE),"") -> -121 | X32: =IFERROR(VLOOKUP($A32,koronahun!$A:$AM,24,FALSE),"") -> -5 | Y32: =IFERROR(VLOOKUP($A32,koronahun!$A:$AM,25,FALSE),"") -> 0.014169961 | Z32: =IFERROR(VLOOKUP($A32,koronahun!$A:$AM,26,FALSE),"") -> 0.035911602 | AA32: =IFERROR(VLOOKUP($A32,koronahun!$A:$AM,27,FALSE),"") -> 0.66980519 | AB32: =IFERROR(VLOOKUP($A32,koronahun!$A:$AM,28,FALSE),"") -> 0 | AC32: =IFERROR(VLOOKUP($A32,koronahun!$A:$AM,29,FALSE),"") -> 294.71429 | AD32: =IFERROR(VLOOKUP($A32,koronahun!$A:$AM,30,FALSE),"") -> 5.7142857 | AE32: =IFERROR(VLOOKUP($A32,koronahun!$A:$AM,31,FALSE),"") -> 0 | AF32: =IFERROR(VLOOKUP($A32,koronahun!$A:$AM,32,FALSE),"") -> 0 | AG32: =IFERROR(VLOOKUP($A32,koronahun!$A:$AM,33,FALSE),"") -> 6410059 | AH32: =IFERROR(VLOOKUP($A32,koronahun!$A:$AM,34,FALSE),"") -> 608 | AI32: =IFERROR(VLOOKUP($A32,koronahun!$A:$AM,35,FALSE),"") -> 86.857143 | AJ32: =IFERROR(VLOOKUP($A32,koronahun!$A:$AM,36,FALSE),"") -> 6196483 | AK32: =IFERROR(VLOOKUP($A32,koronahun!$A:$AM,37,FALSE),"") -> 799 | AL32: =IFERROR(VLOOKUP($A32,koronahun!$A:$AM,38,FALSE),"") -> 114.14286 | AM32: =IFERROR(VLOOKUP($A32,koronahun!$A:$AM,39,FALSE),"") -> 859.28571 | AN32: =IFERROR(__xludf.DUMMYFUNCTION("""COMPUTED_VALUE"""),43924) -> 43924 | AO32: =IFERROR(VLOOKUP(AN32,koronahun!A:B,2,FALSE),"") -> 623 | AP32: =IF(AO32="","",AN32) -> 43924 | AQ32: =IFERROR(__xludf.DUMMYFUNCTION("""COMPUTED_VALUE"""),43924) -> 43924 | AR32: 44720 | AS32: =IF(AR32="",AR33,AR32) -> 44720 | AT32: =IFERROR(__xludf.DUMMYFUNCTION("""COMPUTED_VALUE"""),44713) -> 44713
A33: 44706 | B33: =IFERROR(VLOOKUP($A33,koronahun!$A:$AM,2,FALSE),"") -> 1917777 | C33: =IFERROR(VLOOKUP($A33,koronahun!$A:$AM,3,FALSE),"") -> 3080 | D33: =IFERROR(VLOOKUP($A33,koronahun!$A:$AM,4,FALSE),"") -> 46507 | E33: =IFERROR(VLOOKUP($A33,koronahun!$A:$AM,5,FALSE),"") -> 1841731 | F33: =IFERROR(VLOOKUP($A33,koronahun!$A:$AM,6,FALSE),"") -> 11394556 | G33: =IFERROR(VLOOKUP($A33,koronahun!$A:$AM,7,FALSE),"") -> 1162709.8 | H33: =IFERROR(VLOOKUP($A33,koronahun!$A:$AM,8,FALSE),"") -> 0 | I33: =IFERROR(VLOOKUP($A33,koronahun!$A:$AM,9,FALSE),"") -> 0.0016086096 | J33: =IFERROR(VLOOKUP($A33,koronahun!$A:$AM,10,FALSE),"") -> 0.16830643 | K33: =IFERROR(VLOOKUP($A33,koronahun!$A:$AM,11,FALSE),"") -> 0 | L33: =IFERROR(VLOOKUP($A33,koronahun!$A:$AM,12,FALSE),"") -> 29539 | M33: =IFERROR(VLOOKUP($A33,koronahun!$A:$AM,13,FALSE),"") -> 0.024250473 | N33: =IFERROR(VLOOKUP($A33,koronahun!$A:$AM,14,FALSE),"") -> 0.9603468 | O33: =IFERROR(VLOOKUP($A33,koronahun!$A:$AM,15,FALSE),"") -> 523 | P33: =IFERROR(VLOOKUP($A33,koronahun!$A:$AM,16,FALSE),"") -> 0 | Q33: =IFERROR(VLOOKUP($A33,koronahun!$A:$AM,17,FALSE),"") -> 0 | R33: =IFERROR(VLOOKUP($A33,koronahun!$A:$AM,18,FALSE),"") -> 61 | S33: =IFERROR(VLOOKUP($A33,koronahun!$A:$AM,19,FALSE),"") -> 10928 | T33: =IFERROR(VLOOKUP($A33,koronahun!$A:$AM,20,FALSE),"") -> 483 | U33: =IFERROR(VLOOKUP($A33,koronahun!$A:$AM,21,FALSE),"") -> 18 | V33: =IFERROR(VLOOKUP($A33,koronahun!$A:$AM,22,FALSE),"") -> 0.015402729 | W33: =IFERROR(VLOOKUP($A33,koronahun!$A:$AM,23,FALSE),"") -> -259 | X33: =IFERROR(VLOOKUP($A33,koronahun!$A:$AM,24,FALSE),"") -> -3 | Y33: =IFERROR(VLOOKUP($A33,koronahun!$A:$AM,25,FALSE),"") -> 0.016351264 | Z33: =IFERROR(VLOOKUP($A33,koronahun!$A:$AM,26,FALSE),"") -> 0.037267081 | AA33: =IFERROR(VLOOKUP($A33,koronahun!$A:$AM,27,FALSE),"") -> 0.64855759 | AB33: =IFERROR(VLOOKUP($A33,koronahun!$A:$AM,28,FALSE),"") -> 0 | AC33: =IFERROR(VLOOKUP($A33,koronahun!$A:$AM,29,FALSE),"") -> 440 | AD33: =IFERROR(VLOOKUP($A33,koronahun!$A:$AM,30,FALSE),"") -> 8.7142857 | AE33: =IFERROR(VLOOKUP($A33,koronahun!$A:$AM,31,FALSE),"") -> 0 | AF33: =IFERROR(VLOOKUP($A33,koronahun!$A:$AM,32,FALSE),"") -> 0 | AG33: =IFERROR(VLOOKUP($A33,koronahun!$A:$AM,33,FALSE),"") -> 6409451 | AH33: =IFERROR(VLOOKUP($A33,koronahun!$A:$AM,34,FALSE),"") -> 709 | AI33: =IFERROR(VLOOKUP($A33,koronahun!$A:$AM,35,FALSE),"") -> 101.28571 | AJ33: =IFERROR(VLOOKUP($A33,koronahun!$A:$AM,36,FALSE),"") -> 6195684 | AK33: =IFERROR(VLOOKUP($A33,koronahun!$A:$AM,37,FALSE),"") -> 720 | AL33: =IFERROR(VLOOKUP($A33,koronahun!$A:$AM,38,FALSE),"") -> 102.85714 | AM33: =IFERROR(VLOOKUP($A33,koronahun!$A:$AM,39,FALSE),"") -> 1561.1429 | AN33: =IFERROR(__xludf.DUMMYFUNCTION("""COMPUTED_VALUE"""),43925) -> 43925 | AO33: =IFERROR(VLOOKUP(AN33,koronahun!A:B,2,FALSE),"") -> 678 | AP33: =IF(AO33="","",AN33) -> 43925 | AQ33: =IFERROR(__xludf.DUMMYFUNCTION("""COMPUTED_VALUE"""),43925) -> 43925 | AR33: 44713 | AS33: =IF(AR33="",AR34,AR33) -> 44713 | AT33: =IFERROR(__xludf.DUMMYFUNCTION("""COMPUTED_VALUE"""),44706) -> 44706
A34: 44699 | B34: =IFERROR(VLOOKUP($A34,koronahun!$A:$AM,2,FALSE),"") -> 1914697 | C34: =IFERROR(VLOOKUP($A34,koronahun!$A:$AM,3,FALSE),"") -> 4749 | D34: =IFERROR(VLOOKUP($A34,koronahun!$A:$AM,4,FALSE),"") -> 46446 | E34: =IFERROR(VLOOKUP($A34,koronahun!$A:$AM,5,FALSE),"") -> 1830803 | F34: =IFERROR(VLOOKUP($A34,koronahun!$A:$AM,6,FALSE),"") -> 11394556 | G34: =IFERROR(VLOOKUP($A34,koronahun!$A:$AM,7,FALSE),"") -> 1162709.8 | H34: =IFERROR(VLOOKUP($A34,koronahun!$A:$AM,8,FALSE),"") -> 0 | I34: =IFERROR(VLOOKUP($A34,koronahun!$A:$AM,9,FALSE),"") -> 0.0024864551 | J34: =IFERROR(VLOOKUP($A34,koronahun!$A:$AM,10,FALSE),"") -> 0.16803612 | K34: =IFERROR(VLOOKUP($A34,koronahun!$A:$AM,11,FALSE),"") -> 0 | L34: =IFERROR(VLOOKUP($A34,koronahun!$A:$AM,12,FALSE),"") -> 37448 | M34: =IFERROR(VLOOKUP($A34,koronahun!$A:$AM,13,FALSE),"") -> 0.024257624 | N34: =IFERROR(VLOOKUP($A34,koronahun!$A:$AM,14,FALSE),"") -> 0.95618419 | O34: =IFERROR(VLOOKUP($A34,koronahun!$A:$AM,15,FALSE),"") -> 694 | P34: =IFERROR(VLOOKUP($A34,koronahun!$A:$AM,16,FALSE),"") -> 0 | Q34: =IFERROR(VLOOKUP($A34,koronahun!$A:$AM,17,FALSE),"") -> 0 | R34: =IFERROR(VLOOKUP($A34,koronahun!$A:$AM,18,FALSE),"") -> 103 | S34: =IFERROR(VLOOKUP($A34,koronahun!$A:$AM,19,FALSE),"") -> 9368 | T34: =IFERROR(VLOOKUP($A34,koronahun!$A:$AM,20,FALSE),"") -> 742 | U34: =IFERROR(VLOOKUP($A34,koronahun!$A:$AM,21,FALSE),"") -> 21 | V34: =IFERROR(VLOOKUP($A34,koronahun!$A:$AM,22,FALSE),"") -> 0.019558186 | W34: =IFERROR(VLOOKUP($A34,koronahun!$A:$AM,23,FALSE),"") -> -273 | X34: =IFERROR(VLOOKUP($A34,koronahun!$A:$AM,24,FALSE),"") -> -8 | Y34: =IFERROR(VLOOKUP($A34,koronahun!$A:$AM,25,FALSE),"") -> 0.019814142 | Z34: =IFERROR(VLOOKUP($A34,koronahun!$A:$AM,26,FALSE),"") -> 0.028301887 | AA34: =IFERROR(VLOOKUP($A34,koronahun!$A:$AM,27,FALSE),"") -> 0.70376408 | AB34: =IFERROR(VLOOKUP($A34,koronahun!$A:$AM,28,FALSE),"") -> 0 | AC34: =IFERROR(VLOOKUP($A34,koronahun!$A:$AM,29,FALSE),"") -> 678.42857 | AD34: =IFERROR(VLOOKUP($A34,koronahun!$A:$AM,30,FALSE),"") -> 14.714286 | AE34: =IFERROR(VLOOKUP($A34,koronahun!$A:$AM,31,FALSE),"") -> 0 | AF34: =IFERROR(VLOOKUP($A34,koronahun!$A:$AM,32,FALSE),"") -> 0 | AG34: =IFERROR(VLOOKUP($A34,koronahun!$A:$AM,33,FALSE),"") -> 6408742 | AH34: =IFERROR(VLOOKUP($A34,koronahun!$A:$AM,34,FALSE),"") -> 824 | AI34: =IFERROR(VLOOKUP($A34,koronahun!$A:$AM,35,FALSE),"") -> 117.71429 | AJ34: =IFERROR(VLOOKUP($A34,koronahun!$A:$AM,36,FALSE),"") -> 6194964 | AK34: =IFERROR(VLOOKUP($A34,koronahun!$A:$AM,37,FALSE),"") -> 862 | AL34: =IFERROR(VLOOKUP($A34,koronahun!$A:$AM,38,FALSE),"") -> 123.14286 | AM34: =IFERROR(VLOOKUP($A34,koronahun!$A:$AM,39,FALSE),"") -> 1338.2857 | AN34: =IFERROR(__xludf.DUMMYFUNCTION("""COMPUTED_VALUE"""),43926) -> 43926 | AO34: =IFERROR(VLOOKUP(AN34,koronahun!A:B,2,FALSE),"") -> 733 | AP34: =IF(AO34="","",AN34) -> 43926 | AQ34: =IFERROR(__xludf.DUMMYFUNCTION("""COMPUTED_VALUE"""),43926) -> 43926 | AR34: 44706 | AS34: =IF(AR34="",AR35,AR34) -> 44706 | AT34: =IFERROR(__xludf.DUMMYFUNCTION("""COMPUTED_VALUE"""),44699) -> 44699
A35: 44692 | B35: =IFERROR(VLOOKUP($A35,koronahun!$A:$AM,2,FALSE),"") -> 1909948 | C35: =IFERROR(VLOOKUP($A35,koronahun!$A:$AM,3,FALSE),"") -> 6748 | D35: =IFERROR(VLOOKUP($A35,koronahun!$A:$AM,4,FALSE),"") -> 46343 | E35: =IFERROR(VLOOKUP($A35,koronahun!$A:$AM,5,FALSE),"") -> 1821435 | F35: =IFERROR(VLOOKUP($A35,koronahun!$A:$AM,6,FALSE),"") -> 11394556 | G35: =IFERROR(VLOOKUP($A35,koronahun!$A:$AM,7,FALSE),"") -> 1162709.8 | H35: =IFERROR(VLOOKUP($A35,koronahun!$A:$AM,8,FALSE),"") -> 0 | I35: =IFERROR(VLOOKUP($A35,koronahun!$A:$AM,9,FALSE),"") -> 0.0035456074 | J35: =IFERROR(VLOOKUP($A35,koronahun!$A:$AM,10,FALSE),"") -> 0.16761934 | K35: =IFERROR(VLOOKUP($A35,koronahun!$A:$AM,11,FALSE),"") -> 0.0034427485 | L35: =IFERROR(VLOOKUP($A35,koronahun!$A:$AM,12,FALSE),"") -> 42170 | M35: =IFERROR(VLOOKUP($A35,koronahun!$A:$AM,13,FALSE),"") -> 0.024264011 | N35: =IFERROR(VLOOKUP($A35,koronahun!$A:$AM,14,FALSE),"") -> 0.95365685 | O35: =IFERROR(VLOOKUP($A35,koronahun!$A:$AM,15,FALSE),"") -> 1365 | P35: =IFERROR(VLOOKUP($A35,koronahun!$A:$AM,16,FALSE),"") -> 39094 | Q35: =IFERROR(VLOOKUP($A35,koronahun!$A:$AM,17,FALSE),"") -> 0.17260961 | R35: =IFERROR(VLOOKUP($A35,koronahun!$A:$AM,18,FALSE),"") -> 77 | S35: =IFERROR(VLOOKUP($A35,koronahun!$A:$AM,19,FALSE),"") -> 13374 | T35: =IFERROR(VLOOKUP($A35,koronahun!$A:$AM,20,FALSE),"") -> 1015 | U35: =IFERROR(VLOOKUP($A35,koronahun!$A:$AM,21,FALSE),"") -> 29 | V35: =IFERROR(VLOOKUP($A35,koronahun!$A:$AM,22,FALSE),"") -> 0.022079135 | W35: =IFERROR(VLOOKUP($A35,koronahun!$A:$AM,23,FALSE),"") -> -295 | X35: =IFERROR(VLOOKUP($A35,koronahun!$A:$AM,24,FALSE),"") -> -11 | Y35: =IFERROR(VLOOKUP($A35,koronahun!$A:$AM,25,FALSE),"") -> 0.024069244 | Z35: =IFERROR(VLOOKUP($A35,koronahun!$A:$AM,26,FALSE),"") -> 0.028571429 | AA35: =IFERROR(VLOOKUP($A35,koronahun!$A:$AM,27,FALSE),"") -> 1.2724873 | AB35: =IFERROR(VLOOKUP($A35,koronahun!$A:$AM,28,FALSE),"") -> 0 | AC35: =IFERROR(VLOOKUP($A35,koronahun!$A:$AM,29,FALSE),"") -> 964 | AD35: =IFERROR(VLOOKUP($A35,koronahun!$A:$AM,30,FALSE),"") -> 11 | AE35: =IFERROR(VLOOKUP($A35,koronahun!$A:$AM,31,FALSE),"") -> 5584.8571 | AF35: =IFERROR(VLOOKUP($A35,koronahun!$A:$AM,32,FALSE),"") -> 0.024658515 | AG35: =IFERROR(VLOOKUP($A35,koronahun!$A:$AM,33,FALSE),"") -> 6407918 | AH35: =IFERROR(VLOOKUP($A35,koronahun!$A:$AM,34,FALSE),"") -> 876 | AI35: =IFERROR(VLOOKUP($A35,koronahun!$A:$AM,35,FALSE),"") -> 125.14286 | AJ35: =IFERROR(VLOOKUP($A35,koronahun!$A:$AM,36,FALSE),"") -> 6194102 | AK35: =IFERROR(VLOOKUP($A35,koronahun!$A:$AM,37,FALSE),"") -> 864 | AL35: =IFERROR(VLOOKUP($A35,koronahun!$A:$AM,38,FALSE),"") -> 123.42857 | AM35: =IFERROR(VLOOKUP($A35,koronahun!$A:$AM,39,FALSE),"") -> 1910.5714 | AN35: =IFERROR(__xludf.DUMMYFUNCTION("""COMPUTED_VALUE"""),43927) -> 43927 | AO35: =IFERROR(VLOOKUP(AN35,koronahun!A:B,2,FALSE),"") -> 744 | AP35: =IF(AO35="","",AN35) -> 43927 | AQ35: =IFERROR(__xludf.DUMMYFUNCTION("""COMPUTED_VALUE"""),43927) -> 43927 | AR35: 44699 | AS35: =IF(AR35="",AR36,AR35) -> 44699 | AT35: =IFERROR(__xludf.DUMMYFUNCTION("""COMPUTED_VALUE"""),44692) -> 44692
A36: 44683 | B36: =IFERROR(VLOOKUP($A36,koronahun!$A:$AM,2,FALSE),"") -> 1903200 | C36: =IFERROR(VLOOKUP($A36,koronahun!$A:$AM,3,FALSE),"") -> 2183 | D36: =IFERROR(VLOOKUP($A36,koronahun!$A:$AM,4,FALSE),"") -> 46266 | E36: =IFERROR(VLOOKUP($A36,koronahun!$A:$AM,5,FALSE),"") -> 1808061 | F36: =IFERROR(VLOOKUP($A36,koronahun!$A:$AM,6,FALSE),"") -> 11355462 | G36: =IFERROR(VLOOKUP($A36,koronahun!$A:$AM,7,FALSE),"") -> 1158720.6 | H36: =IFERROR(VLOOKUP($A36,koronahun!$A:$AM,8,FALSE),"") -> 0 | I36: =IFERROR(VLOOKUP($A36,koronahun!$A:$AM,9,FALSE),"") -> 0.0011483327 | J36: =IFERROR(VLOOKUP($A36,koronahun!$A:$AM,10,FALSE),"") -> 0.16760216 | K36: =IFERROR(VLOOKUP($A36,koronahun!$A:$AM,11,FALSE),"") -> 0.0014124147 | L36: =IFERROR(VLOOKUP($A36,koronahun!$A:$AM,12,FALSE),"") -> 48873 | M36: =IFERROR(VLOOKUP($A36,koronahun!$A:$AM,13,FALSE),"") -> 0.024309584 | N36: =IFERROR(VLOOKUP($A36,koronahun!$A:$AM,14,FALSE),"") -> 0.95001103 | O36: =IFERROR(VLOOKUP($A36,koronahun!$A:$AM,15,FALSE),"") -> 2401 | P36: =IFERROR(VLOOKUP($A36,koronahun!$A:$AM,16,FALSE),"") -> 16016 | Q36: =IFERROR(VLOOKUP($A36,koronahun!$A:$AM,17,FALSE),"") -> 0.1363012 | R36: =IFERROR(VLOOKUP($A36,koronahun!$A:$AM,18,FALSE),"") -> 65 | S36: =IFERROR(VLOOKUP($A36,koronahun!$A:$AM,19,FALSE),"") -> 3766 | T36: =IFERROR(VLOOKUP($A36,koronahun!$A:$AM,20,FALSE),"") -> 1310 | U36: =IFERROR(VLOOKUP($A36,koronahun!$A:$AM,21,FALSE),"") -> 40 | V36: =IFERROR(VLOOKUP($A36,koronahun!$A:$AM,22,FALSE),"") -> 0.025679382 | W36: =IFERROR(VLOOKUP($A36,koronahun!$A:$AM,23,FALSE),"") -> -117 | X36: =IFERROR(VLOOKUP($A36,koronahun!$A:$AM,24,FALSE),"") -> -1 | Y36: =IFERROR(VLOOKUP($A36,koronahun!$A:$AM,25,FALSE),"") -> 0.026804166 | Z36: =IFERROR(VLOOKUP($A36,koronahun!$A:$AM,26,FALSE),"") -> 0.030534351 | AA36: =IFERROR(VLOOKUP($A36,koronahun!$A:$AM,27,FALSE),"") -> 0.60291931 | AB36: =IFERROR(VLOOKUP($A36,koronahun!$A:$AM,28,FALSE),"") -> 0 | AC36: =IFERROR(VLOOKUP($A36,koronahun!$A:$AM,29,FALSE),"") -> 1274.5714 | AD36: =IFERROR(VLOOKUP($A36,koronahun!$A:$AM,30,FALSE),"") -> 23.571429 | AE36: =IFERROR(VLOOKUP($A36,koronahun!$A:$AM,31,FALSE),"") -> 5754.8571 | AF36: =IFERROR(VLOOKUP($A36,koronahun!$A:$AM,32,FALSE),"") -> 0.28539796 | AG36: =IFERROR(VLOOKUP($A36,koronahun!$A:$AM,33,FALSE),"") -> 6407042 | AH36: =IFERROR(VLOOKUP($A36,koronahun!$A:$AM,34,FALSE),"") -> 541 | AI36: =IFERROR(VLOOKUP($A36,koronahun!$A:$AM,35,FALSE),"") -> 187.8 | AJ36: =IFERROR(VLOOKUP($A36,koronahun!$A:$AM,36,FALSE),"") -> 6193238 | AK36: =IFERROR(VLOOKUP($A36,koronahun!$A:$AM,37,FALSE),"") -> 595 | AL36: =IFERROR(VLOOKUP($A36,koronahun!$A:$AM,38,FALSE),"") -> 238 | AM36: =IFERROR(VLOOKUP($A36,koronahun!$A:$AM,39,FALSE),"") -> 2838.5714 | AN36: =IFERROR(__xludf.DUMMYFUNCTION("""COMPUTED_VALUE"""),43928) -> 43928 | AO36: =IFERROR(VLOOKUP(AN36,koronahun!A:B,2,FALSE),"") -> 817 | AP36: =IF(AO36="","",AN36) -> 43928 | AQ36: =IFERROR(__xludf.DUMMYFUNCTION("""COMPUTED_VALUE"""),43928) -> 43928 | AR36: 44692 | AS36: =IF(AR36="",AR37,AR36) -> 44692 | AT36: =IFERROR(__xludf.DUMMYFUNCTION("""COMPUTED_VALUE"""),44683) -> 44683
A37: 44680 | B37: =IFERROR(VLOOKUP($A37,koronahun!$A:$AM,2,FALSE),"") -> 1901017 | C37: =IFERROR(VLOOKUP($A37,koronahun!$A:$AM,3,FALSE),"") -> 1384 | D37: =IFERROR(VLOOKUP($A37,koronahun!$A:$AM,4,FALSE),"") -> 46201 | E37: =IFERROR(VLOOKUP($A37,koronahun!$A:$AM,5,FALSE),"") -> 1804295 | F37: =IFERROR(VLOOKUP($A37,koronahun!$A:$AM,6,FALSE),"") -> 11339446 | G37: =IFERROR(VLOOKUP($A37,koronahun!$A:$AM,7,FALSE),"") -> 1157086.3 | H37: =IFERROR(VLOOKUP($A37,koronahun!$A:$AM,8,FALSE),"") -> 0 | I37: =IFERROR(VLOOKUP($A37,koronahun!$A:$AM,9,FALSE),"") -> 0.00072856178 | J37: =IFERROR(VLOOKUP($A37,koronahun!$A:$AM,10,FALSE),"") -> 0.16764637 | K37: =IFERROR(VLOOKUP($A37,koronahun!$A:$AM,11,FALSE),"") -> 0.00070555836 | L37: =IFERROR(VLOOKUP($A37,koronahun!$A:$AM,12,FALSE),"") -> 50521 | M37: =IFERROR(VLOOKUP($A37,koronahun!$A:$AM,13,FALSE),"") -> 0.024303307 | N37: =IFERROR(VLOOKUP($A37,koronahun!$A:$AM,14,FALSE),"") -> 0.94912092 | O37: =IFERROR(VLOOKUP($A37,koronahun!$A:$AM,15,FALSE),"") -> 2360 | P37: =IFERROR(VLOOKUP($A37,koronahun!$A:$AM,16,FALSE),"") -> 7995 | Q37: =IFERROR(VLOOKUP($A37,koronahun!$A:$AM,17,FALSE),"") -> 0.17310819 | R37: =IFERROR(VLOOKUP($A37,koronahun!$A:$AM,18,FALSE),"") -> 12 | S37: =IFERROR(VLOOKUP($A37,koronahun!$A:$AM,19,FALSE),"") -> 2482 | T37: =IFERROR(VLOOKUP($A37,koronahun!$A:$AM,20,FALSE),"") -> 1427 | U37: =IFERROR(VLOOKUP($A37,koronahun!$A:$AM,21,FALSE),"") -> 41 | V37: =IFERROR(VLOOKUP($A37,koronahun!$A:$AM,22,FALSE),"") -> 0.026575775 | W37: =IFERROR(VLOOKUP($A37,koronahun!$A:$AM,23,FALSE),"") -> -10 | X37: =IFERROR(VLOOKUP($A37,koronahun!$A:$AM,24,FALSE),"") -> 5 | Y37: =IFERROR(VLOOKUP($A37,koronahun!$A:$AM,25,FALSE),"") -> 0.02824568 | Z37: =IFERROR(VLOOKUP($A37,koronahun!$A:$AM,26,FALSE),"") -> 0.028731605 | AA37: =IFERROR(VLOOKUP($A37,koronahun!$A:$AM,27,FALSE),"") -> 0.87718992 | AB37: =IFERROR(VLOOKUP($A37,koronahun!$A:$AM,28,FALSE),"") -> 1.3259267 | AC37: =IFERROR(VLOOKUP($A37,koronahun!$A:$AM,29,FALSE),"") -> 1437.7143 | AD37: =IFERROR(VLOOKUP($A37,koronahun!$A:$AM,30,FALSE),"") -> 21.857143 | AE37: =IFERROR(VLOOKUP($A37,koronahun!$A:$AM,31,FALSE),"") -> 6332.4286 | AF37: =IFERROR(VLOOKUP($A37,koronahun!$A:$AM,32,FALSE),"") -> 0.29128992 | AG37: =IFERROR(VLOOKUP($A37,koronahun!$A:$AM,33,FALSE),"") -> 6406501 | AH37: =IFERROR(VLOOKUP($A37,koronahun!$A:$AM,34,FALSE),"") -> 89 | AI37: =IFERROR(VLOOKUP($A37,koronahun!$A:$AM,35,FALSE),"") -> 205.8 | AJ37: =IFERROR(VLOOKUP($A37,koronahun!$A:$AM,36,FALSE),"") -> 6192643 | AK37: =IFERROR(VLOOKUP($A37,koronahun!$A:$AM,37,FALSE),"") -> 173 | AL37: =IFERROR(VLOOKUP($A37,koronahun!$A:$AM,38,FALSE),"") -> 259.6 | AM37: =IFERROR(VLOOKUP($A37,koronahun!$A:$AM,39,FALSE),"") -> 3954 | AN37: =IFERROR(__xludf.DUMMYFUNCTION("""COMPUTED_VALUE"""),43929) -> 43929 | AO37: =IFERROR(VLOOKUP(AN37,koronahun!A:B,2,FALSE),"") -> 895 | AP37: =IF(AO37="","",AN37) -> 43929 | AQ37: =IFERROR(__xludf.DUMMYFUNCTION("""COMPUTED_VALUE"""),43929) -> 43929 | AR37: 44683 | AS37: =IF(AR37="",AR38,AR37) -> 44683 | AT37: =IFERROR(__xludf.DUMMYFUNCTION("""COMPUTED_VALUE"""),44680) -> 44680
A38: 44679 | B38: =IFERROR(VLOOKUP($A38,koronahun!$A:$AM,2,FALSE),"") -> 1899633 | C38: =IFERROR(VLOOKUP($A38,koronahun!$A:$AM,3,FALSE),"") -> 1736 | D38: =IFERROR(VLOOKUP($A38,koronahun!$A:$AM,4,FALSE),"") -> 46189 | E38: =IFERROR(VLOOKUP($A38,koronahun!$A:$AM,5,FALSE),"") -> 1801813 | F38: =IFERROR(VLOOKUP($A38,koronahun!$A:$AM,6,FALSE),"") -> 11331451 | G38: =IFERROR(VLOOKUP($A38,koronahun!$A:$AM,7,FALSE),"") -> 1156270.5 | H38: =IFERROR(VLOOKUP($A38,koronahun!$A:$AM,8,FALSE),"") -> 0 | I38: =IFERROR(VLOOKUP($A38,koronahun!$A:$AM,9,FALSE),"") -> 0.00091469664 | J38: =IFERROR(VLOOKUP($A38,koronahun!$A:$AM,10,FALSE),"") -> 0.16764252 | K38: =IFERROR(VLOOKUP($A38,koronahun!$A:$AM,11,FALSE),"") -> 0.00063500838 | L38: =IFERROR(VLOOKUP($A38,koronahun!$A:$AM,12,FALSE),"") -> 51631 | M38: =IFERROR(VLOOKUP($A38,koronahun!$A:$AM,13,FALSE),"") -> 0.024314697 | N38: =IFERROR(VLOOKUP($A38,koronahun!$A:$AM,14,FALSE),"") -> 0.94850584 | O38: =IFERROR(VLOOKUP($A38,koronahun!$A:$AM,15,FALSE),"") -> 2218 | P38: =IFERROR(VLOOKUP($A38,koronahun!$A:$AM,16,FALSE),"") -> 7191 | Q38: =IFERROR(VLOOKUP($A38,koronahun!$A:$AM,17,FALSE),"") -> 0.24141288 | R38: =IFERROR(VLOOKUP($A38,koronahun!$A:$AM,18,FALSE),"") -> 27 | S38: =IFERROR(VLOOKUP($A38,koronahun!$A:$AM,19,FALSE),"") -> 4669 | T38: =IFERROR(VLOOKUP($A38,koronahun!$A:$AM,20,FALSE),"") -> 1437 | U38: =IFERROR(VLOOKUP($A38,koronahun!$A:$AM,21,FALSE),"") -> 36 | V38: =IFERROR(VLOOKUP($A38,koronahun!$A:$AM,22,FALSE),"") -> 0.02717946 | W38: =IFERROR(VLOOKUP($A38,koronahun!$A:$AM,23,FALSE),"") -> -14 | X38: =IFERROR(VLOOKUP($A38,koronahun!$A:$AM,24,FALSE),"") -> -2 | Y38: =IFERROR(VLOOKUP($A38,koronahun!$A:$AM,25,FALSE),"") -> 0.027832116 | Z38: =IFERROR(VLOOKUP($A38,koronahun!$A:$AM,26,FALSE),"") -> 0.025052192 | AA38: =IFERROR(VLOOKUP($A38,koronahun!$A:$AM,27,FALSE),"") -> 1.1380225 | AB38: =IFERROR(VLOOKUP($A38,koronahun!$A:$AM,28,FALSE),"") -> 1.3504888 | AC38: =IFERROR(VLOOKUP($A38,koronahun!$A:$AM,29,FALSE),"") -> 1532.4286 | AD38: =IFERROR(VLOOKUP($A38,koronahun!$A:$AM,30,FALSE),"") -> 23.571429 | AE38: =IFERROR(VLOOKUP($A38,koronahun!$A:$AM,31,FALSE),"") -> 6560.5714 | AF38: =IFERROR(VLOOKUP($A38,koronahun!$A:$AM,32,FALSE),"") -> 0.29934968 | AG38: =IFERROR(VLOOKUP($A38,koronahun!$A:$AM,33,FALSE),"") -> 6406412 | AH38: =IFERROR(VLOOKUP($A38,koronahun!$A:$AM,34,FALSE),"") -> 73 | AI38: =IFERROR(VLOOKUP($A38,koronahun!$A:$AM,35,FALSE),"") -> 214 | AJ38: =IFERROR(VLOOKUP($A38,koronahun!$A:$AM,36,FALSE),"") -> 6192470 | AK38: =IFERROR(VLOOKUP($A38,koronahun!$A:$AM,37,FALSE),"") -> 96 | AL38: =IFERROR(VLOOKUP($A38,koronahun!$A:$AM,38,FALSE),"") -> 263.2 | AM38: =IFERROR(VLOOKUP($A38,koronahun!$A:$AM,39,FALSE),"") -> 4535.2857 | AN38: =IFERROR(__xludf.DUMMYFUNCTION("""COMPUTED_VALUE"""),43930) -> 43930 | AO38: =IFERROR(VLOOKUP(AN38,koronahun!A:B,2,FALSE),"") -> 980 | AP38: =IF(AO38="","",AN38) -> 43930 | AQ38: =IFERROR(__xludf.DUMMYFUNCTION("""COMPUTED_VALUE"""),43930) -> 43930 | AR38: 44680 | AS38: =IF(AR38="",AR39,AR38) -> 44680 | AT38: =IFERROR(__xludf.DUMMYFUNCTION("""COMPUTED_VALUE"""),44679) -> 44679
A39: 44678 | B39: =IFERROR(VLOOKUP($A39,koronahun!$A:$AM,2,FALSE),"") -> 1897897 | C39: =IFERROR(VLOOKUP($A39,koronahun!$A:$AM,3,FALSE),"") -> 2220 | D39: =IFERROR(VLOOKUP($A39,koronahun!$A:$AM,4,FALSE),"") -> 46162 | E39: =IFERROR(VLOOKUP($A39,koronahun!$A:$AM,5,FALSE),"") -> 1797144 | F39: =IFERROR(VLOOKUP($A39,koronahun!$A:$AM,6,FALSE),"") -> 11324260 | G39: =IFERROR(VLOOKUP($A39,koronahun!$A:$AM,7,FALSE),"") -> 1155536.7 | H39: =IFERROR(VLOOKUP($A39,koronahun!$A:$AM,8,FALSE),"") -> 0 | I39: =IFERROR(VLOOKUP($A39,koronahun!$A:$AM,9,FALSE),"") -> 0.0011710856 | J39: =IFERROR(VLOOKUP($A39,koronahun!$A:$AM,10,FALSE),"") -> 0.16759568 | K39: =IFERROR(VLOOKUP($A39,koronahun!$A:$AM,11,FALSE),"") -> 0.00057016346 | L39: =IFERROR(VLOOKUP($A39,koronahun!$A:$AM,12,FALSE),"") -> 54591 | M39: =IFERROR(VLOOKUP($A39,koronahun!$A:$AM,13,FALSE),"") -> 0.024322711 | N39: =IFERROR(VLOOKUP($A39,koronahun!$A:$AM,14,FALSE),"") -> 0.94691335 | O39: =IFERROR(VLOOKUP($A39,koronahun!$A:$AM,15,FALSE),"") -> 1451 | P39: =IFERROR(VLOOKUP($A39,koronahun!$A:$AM,16,FALSE),"") -> 6453 | Q39: =IFERROR(VLOOKUP($A39,koronahun!$A:$AM,17,FALSE),"") -> 0.34402603 | R39: =IFERROR(VLOOKUP($A39,koronahun!$A:$AM,18,FALSE),"") -> 29 | S39: =IFERROR(VLOOKUP($A39,koronahun!$A:$AM,19,FALSE),"") -> 4528 | T39: =IFERROR(VLOOKUP($A39,koronahun!$A:$AM,20,FALSE),"") -> 1451 | U39: =IFERROR(VLOOKUP($A39,koronahun!$A:$AM,21,FALSE),"") -> 38 | V39: =IFERROR(VLOOKUP($A39,koronahun!$A:$AM,22,FALSE),"") -> 0.028763942 | W39: =IFERROR(VLOOKUP($A39,koronahun!$A:$AM,23,FALSE),"") -> -48 | X39: =IFERROR(VLOOKUP($A39,koronahun!$A:$AM,24,FALSE),"") -> 1 | Y39: =IFERROR(VLOOKUP($A39,koronahun!$A:$AM,25,FALSE),"") -> 0.026579473 | Z39: =IFERROR(VLOOKUP($A39,koronahun!$A:$AM,26,FALSE),"") -> 0.026188835 | AA39: =IFERROR(VLOOKUP($A39,koronahun!$A:$AM,27,FALSE),"") -> 1.3490302 | AB39: =IFERROR(VLOOKUP($A39,koronahun!$A:$AM,28,FALSE),"") -> 1.2587741 | AC39: =IFERROR(VLOOKUP($A39,koronahun!$A:$AM,29,FALSE),"") -> 1718.8571 | AD39: =IFERROR(VLOOKUP($A39,koronahun!$A:$AM,30,FALSE),"") -> 23.142857 | AE39: =IFERROR(VLOOKUP($A39,koronahun!$A:$AM,31,FALSE),"") -> 6480.8571 | AF39: =IFERROR(VLOOKUP($A39,koronahun!$A:$AM,32,FALSE),"") -> 0.34276016 | AG39: =IFERROR(VLOOKUP($A39,koronahun!$A:$AM,33,FALSE),"") -> 6406339 | AH39: =IFERROR(VLOOKUP($A39,koronahun!$A:$AM,34,FALSE),"") -> 189 | AI39: =IFERROR(VLOOKUP($A39,koronahun!$A:$AM,35,FALSE),"") -> 215.8 | AJ39: =IFERROR(VLOOKUP($A39,koronahun!$A:$AM,36,FALSE),"") -> 6192374 | AK39: =IFERROR(VLOOKUP($A39,koronahun!$A:$AM,37,FALSE),"") -> 232 | AL39: =IFERROR(VLOOKUP($A39,koronahun!$A:$AM,38,FALSE),"") -> 271.2 | AM39: =IFERROR(VLOOKUP($A39,koronahun!$A:$AM,39,FALSE),"") -> 4747.5714 | AN39: =IFERROR(__xludf.DUMMYFUNCTION("""COMPUTED_VALUE"""),43931) -> 43931 | AO39: =IFERROR(VLOOKUP(AN39,koronahun!A:B,2,FALSE),"") -> 1190 | AP39: =IF(AO39="","",AN39) -> 43931 | AQ39: =IFERROR(__xludf.DUMMYFUNCTION("""COMPUTED_VALUE"""),43931) -> 43931 | AR39: 44679 | AS39: =IF(AR39="",AR40,AR39) -> 44679 | AT39: =IFERROR(__xludf.DUMMYFUNCTION("""COMPUTED_VALUE"""),44678) -> 44678
A40: 44677 | B40: =IFERROR(VLOOKUP($A40,koronahun!$A:$AM,2,FALSE),"") -> 1895677 | C40: =IFERROR(VLOOKUP($A40,koronahun!$A:$AM,3,FALSE),"") -> 1399 | D40: =IFERROR(VLOOKUP($A40,koronahun!$A:$AM,4,FALSE),"") -> 46133 | E40: =IFERROR(VLOOKUP($A40,koronahun!$A:$AM,5,FALSE),"") -> 1792616 | F40: =IFERROR(VLOOKUP($A40,koronahun!$A:$AM,6,FALSE),"") -> 11317807 | G40: =IFERROR(VLOOKUP($A40,koronahun!$A:$AM,7,FALSE),"") -> 1154878.3 | H40: =IFERROR(VLOOKUP($A40,koronahun!$A:$AM,8,FALSE),"") -> 0 | I40: =IFERROR(VLOOKUP($A40,koronahun!$A:$AM,9,FALSE),"") -> 0.00073853996 | J40: =IFERROR(VLOOKUP($A40,koronahun!$A:$AM,10,FALSE),"") -> 0.16749508 | K40: =IFERROR(VLOOKUP($A40,koronahun!$A:$AM,11,FALSE),"") -> 0.00023234279 | L40: =IFERROR(VLOOKUP($A40,koronahun!$A:$AM,12,FALSE),"") -> 56928 | M40: =IFERROR(VLOOKUP($A40,koronahun!$A:$AM,13,FALSE),"") -> 0.024335897 | N40: =IFERROR(VLOOKUP($A40,koronahun!$A:$AM,14,FALSE),"") -> 0.94563367 | O40: =IFERROR(VLOOKUP($A40,koronahun!$A:$AM,15,FALSE),"") -> 1915 | P40: =IFERROR(VLOOKUP($A40,koronahun!$A:$AM,16,FALSE),"") -> 2629 | Q40: =IFERROR(VLOOKUP($A40,koronahun!$A:$AM,17,FALSE),"") -> 0.5321415 | R40: =IFERROR(VLOOKUP($A40,koronahun!$A:$AM,18,FALSE),"") -> 32 | S40: =IFERROR(VLOOKUP($A40,koronahun!$A:$AM,19,FALSE),"") -> 4425 | T40: =IFERROR(VLOOKUP($A40,koronahun!$A:$AM,20,FALSE),"") -> 1499 | U40: =IFERROR(VLOOKUP($A40,koronahun!$A:$AM,21,FALSE),"") -> 37 | V40: =IFERROR(VLOOKUP($A40,koronahun!$A:$AM,22,FALSE),"") -> 0.030030432 | W40: =IFERROR(VLOOKUP($A40,koronahun!$A:$AM,23,FALSE),"") -> 39 | X40: =IFERROR(VLOOKUP($A40,koronahun!$A:$AM,24,FALSE),"") -> -3 | Y40: =IFERROR(VLOOKUP($A40,koronahun!$A:$AM,25,FALSE),"") -> 0.026331506 | Z40: =IFERROR(VLOOKUP($A40,koronahun!$A:$AM,26,FALSE),"") -> 0.024683122 | AA40: =IFERROR(VLOOKUP($A40,koronahun!$A:$AM,27,FALSE),"") -> 1.0943231 | AB40: =IFERROR(VLOOKUP($A40,koronahun!$A:$AM,28,FALSE),"") -> 1.1172344 | AC40: =IFERROR(VLOOKUP($A40,koronahun!$A:$AM,29,FALSE),"") -> 1602.7143 | AD40: =IFERROR(VLOOKUP($A40,koronahun!$A:$AM,30,FALSE),"") -> 23.142857 | AE40: =IFERROR(VLOOKUP($A40,koronahun!$A:$AM,31,FALSE),"") -> 6076.5714 | AF40: =IFERROR(VLOOKUP($A40,koronahun!$A:$AM,32,FALSE),"") -> 0.35162539 | AG40: =IFERROR(VLOOKUP($A40,koronahun!$A:$AM,33,FALSE),"") -> 6406150 | AH40: =IFERROR(VLOOKUP($A40,koronahun!$A:$AM,34,FALSE),"") -> 47 | AI40: =IFERROR(VLOOKUP($A40,koronahun!$A:$AM,35,FALSE),"") -> 205.4 | AJ40: =IFERROR(VLOOKUP($A40,koronahun!$A:$AM,36,FALSE),"") -> 6192142 | AK40: =IFERROR(VLOOKUP($A40,koronahun!$A:$AM,37,FALSE),"") -> 94 | AL40: =IFERROR(VLOOKUP($A40,koronahun!$A:$AM,38,FALSE),"") -> 269.8 | AM40: =IFERROR(VLOOKUP($A40,koronahun!$A:$AM,39,FALSE),"") -> 4548.4286 | AN40: =IFERROR(__xludf.DUMMYFUNCTION("""COMPUTED_VALUE"""),43932) -> 43932 | AO40: =IFERROR(VLOOKUP(AN40,koronahun!A:B,2,FALSE),"") -> 1310 | AP40: =IF(AO40="","",AN40) -> 43932 | AQ40: =IFERROR(__xludf.DUMMYFUNCTION("""COMPUTED_VALUE"""),43932) -> 43932 | AR40: 44678 | AS40: =IF(AR40="",AR41,AR40) -> 44678 | AT40: =IFERROR(__xludf.DUMMYFUNCTION("""COMPUTED_VALUE"""),44677) -> 44677
A41: 44676 | B41: =IFERROR(VLOOKUP($A41,koronahun!$A:$AM,2,FALSE),"") -> 1894278 | C41: =IFERROR(VLOOKUP($A41,koronahun!$A:$AM,3,FALSE),"") -> 3325 | D41: =IFERROR(VLOOKUP($A41,koronahun!$A:$AM,4,FALSE),"") -> 46101 | E41: =IFERROR(VLOOKUP($A41,koronahun!$A:$AM,5,FALSE),"") -> 1788191 | F41: =IFERROR(VLOOKUP($A41,koronahun!$A:$AM,6,FALSE),"") -> 11315178 | G41: =IFERROR(VLOOKUP($A41,koronahun!$A:$AM,7,FALSE),"") -> 1154610 | H41: =IFERROR(VLOOKUP($A41,koronahun!$A:$AM,8,FALSE),"") -> 0 | I41: =IFERROR(VLOOKUP($A41,koronahun!$A:$AM,9,FALSE),"") -> 0.0017583726 | J41: =IFERROR(VLOOKUP($A41,koronahun!$A:$AM,10,FALSE),"") -> 0.16741036 | K41: =IFERROR(VLOOKUP($A41,koronahun!$A:$AM,11,FALSE),"") -> 0.0017758998 | L41: =IFERROR(VLOOKUP($A41,koronahun!$A:$AM,12,FALSE),"") -> 59986 | M41: =IFERROR(VLOOKUP($A41,koronahun!$A:$AM,13,FALSE),"") -> 0.024336977 | N41: =IFERROR(VLOOKUP($A41,koronahun!$A:$AM,14,FALSE),"") -> 0.94399608 | O41: =IFERROR(VLOOKUP($A41,koronahun!$A:$AM,15,FALSE),"") -> 1757 | P41: =IFERROR(VLOOKUP($A41,koronahun!$A:$AM,16,FALSE),"") -> 20059 | Q41: =IFERROR(VLOOKUP($A41,koronahun!$A:$AM,17,FALSE),"") -> 0.16576101 | R41: =IFERROR(VLOOKUP($A41,koronahun!$A:$AM,18,FALSE),"") -> 53 | S41: =IFERROR(VLOOKUP($A41,koronahun!$A:$AM,19,FALSE),"") -> 11574 | T41: =IFERROR(VLOOKUP($A41,koronahun!$A:$AM,20,FALSE),"") -> 1460 | U41: =IFERROR(VLOOKUP($A41,koronahun!$A:$AM,21,FALSE),"") -> 40 | V41: =IFERROR(VLOOKUP($A41,koronahun!$A:$AM,22,FALSE),"") -> 0.031666946 | W41: =IFERROR(VLOOKUP($A41,koronahun!$A:$AM,23,FALSE),"") -> 11 | X41: =IFERROR(VLOOKUP($A41,koronahun!$A:$AM,24,FALSE),"") -> -5 | Y41: =IFERROR(VLOOKUP($A41,koronahun!$A:$AM,25,FALSE),"") -> 0.024339012 | Z41: =IFERROR(VLOOKUP($A41,koronahun!$A:$AM,26,FALSE),"") -> 0.02739726 | AA41: =IFERROR(VLOOKUP($A41,koronahun!$A:$AM,27,FALSE),"") -> 2.1710681 | AB41: =IFERROR(VLOOKUP($A41,koronahun!$A:$AM,28,FALSE),"") -> 1.0443369 | AC41: =IFERROR(VLOOKUP($A41,koronahun!$A:$AM,29,FALSE),"") -> 2114 | AD41: =IFERROR(VLOOKUP($A41,koronahun!$A:$AM,30,FALSE),"") -> 33.714286 | AE41: =IFERROR(VLOOKUP($A41,koronahun!$A:$AM,31,FALSE),"") -> 10086.429 | AF41: =IFERROR(VLOOKUP($A41,koronahun!$A:$AM,32,FALSE),"") -> 0.27762917 | AG41: =IFERROR(VLOOKUP($A41,koronahun!$A:$AM,33,FALSE),"") -> 6406103 | AH41: =IFERROR(VLOOKUP($A41,koronahun!$A:$AM,34,FALSE),"") -> 631 | AI41: =IFERROR(VLOOKUP($A41,koronahun!$A:$AM,35,FALSE),"") -> 283.2 | AJ41: =IFERROR(VLOOKUP($A41,koronahun!$A:$AM,36,FALSE),"") -> 6192048 | AK41: =IFERROR(VLOOKUP($A41,koronahun!$A:$AM,37,FALSE),"") -> 703 | AL41: =IFERROR(VLOOKUP($A41,koronahun!$A:$AM,38,FALSE),"") -> 347.6 | AM41: =IFERROR(VLOOKUP($A41,koronahun!$A:$AM,39,FALSE),"") -> 5640.5714 | AN41: =IFERROR(__xludf.DUMMYFUNCTION("""COMPUTED_VALUE"""),43933) -> 43933 | AO41: =IFERROR(VLOOKUP(AN41,koronahun!A:B,2,FALSE),"") -> 1410 | AP41: =IF(AO41="","",AN41) -> 43933 | AQ41: =IFERROR(__xludf.DUMMYFUNCTION("""COMPUTED_VALUE"""),43933) -> 43933 | AR41: 44677 | AS41: =IF(AR41="",AR42,AR41) -> 44677 | AT41: =IFERROR(__xludf.DUMMYFUNCTION("""COMPUTED_VALUE"""),44676) -> 44676
A42: 44673 | B42: =IFERROR(VLOOKUP($A42,koronahun!$A:$AM,2,FALSE),"") -> 1890953 | C42: =IFERROR(VLOOKUP($A42,koronahun!$A:$AM,3,FALSE),"") -> 2047 | D42: =IFERROR(VLOOKUP($A42,koronahun!$A:$AM,4,FALSE),"") -> 46048 | E42: =IFERROR(VLOOKUP($A42,koronahun!$A:$AM,5,FALSE),"") -> 1776617 | F42: =IFERROR(VLOOKUP($A42,koronahun!$A:$AM,6,FALSE),"") -> 11295119 | G42: =IFERROR(VLOOKUP($A42,koronahun!$A:$AM,7,FALSE),"") -> 1152563.2 | H42: =IFERROR(VLOOKUP($A42,koronahun!$A:$AM,8,FALSE),"") -> 0 | I42: =IFERROR(VLOOKUP($A42,koronahun!$A:$AM,9,FALSE),"") -> 0.0010836961 | J42: =IFERROR(VLOOKUP($A42,koronahun!$A:$AM,10,FALSE),"") -> 0.16741329 | K42: =IFERROR(VLOOKUP($A42,koronahun!$A:$AM,11,FALSE),"") -> 0.00084993816 | L42: =IFERROR(VLOOKUP($A42,koronahun!$A:$AM,12,FALSE),"") -> 68288 | M42: =IFERROR(VLOOKUP($A42,koronahun!$A:$AM,13,FALSE),"") -> 0.024351742 | N42: =IFERROR(VLOOKUP($A42,koronahun!$A:$AM,14,FALSE),"") -> 0.93953525 | O42: =IFERROR(VLOOKUP($A42,koronahun!$A:$AM,15,FALSE),"") -> 1612 | P42: =IFERROR(VLOOKUP($A42,koronahun!$A:$AM,16,FALSE),"") -> 9592 | Q42: =IFERROR(VLOOKUP($A42,koronahun!$A:$AM,17,FALSE),"") -> 0.21340701 | R42: =IFERROR(VLOOKUP($A42,koronahun!$A:$AM,18,FALSE),"") -> 24 | S42: =IFERROR(VLOOKUP($A42,koronahun!$A:$AM,19,FALSE),"") -> 6551 | T42: =IFERROR(VLOOKUP($A42,koronahun!$A:$AM,20,FALSE),"") -> 1449 | U42: =IFERROR(VLOOKUP($A42,koronahun!$A:$AM,21,FALSE),"") -> 45 | V42: =IFERROR(VLOOKUP($A42,koronahun!$A:$AM,22,FALSE),"") -> 0.036113008 | W42: =IFERROR(VLOOKUP($A42,koronahun!$A:$AM,23,FALSE),"") -> -51 | X42: =IFERROR(VLOOKUP($A42,koronahun!$A:$AM,24,FALSE),"") -> -3 | Y42: =IFERROR(VLOOKUP($A42,koronahun!$A:$AM,25,FALSE),"") -> 0.021218955 | Z42: =IFERROR(VLOOKUP($A42,koronahun!$A:$AM,26,FALSE),"") -> 0.031055901 | AA42: =IFERROR(VLOOKUP($A42,koronahun!$A:$AM,27,FALSE),"") -> 1 | AB42: =IFERROR(VLOOKUP($A42,koronahun!$A:$AM,28,FALSE),"") -> 0.61012331 | AC42: =IFERROR(VLOOKUP($A42,koronahun!$A:$AM,29,FALSE),"") -> 1639 | AD42: =IFERROR(VLOOKUP($A42,koronahun!$A:$AM,30,FALSE),"") -> 26.142857 | AE42: =IFERROR(VLOOKUP($A42,koronahun!$A:$AM,31,FALSE),"") -> 7220.8571 | AF42: =IFERROR(VLOOKUP($A42,koronahun!$A:$AM,32,FALSE),"") -> 0.24447697 | AG42: =IFERROR(VLOOKUP($A42,koronahun!$A:$AM,33,FALSE),"") -> 6405472 | AH42: =IFERROR(VLOOKUP($A42,koronahun!$A:$AM,34,FALSE),"") -> 130 | AI42: =IFERROR(VLOOKUP($A42,koronahun!$A:$AM,35,FALSE),"") -> 157 | AJ42: =IFERROR(VLOOKUP($A42,koronahun!$A:$AM,36,FALSE),"") -> 6191345 | AK42: =IFERROR(VLOOKUP($A42,koronahun!$A:$AM,37,FALSE),"") -> 191 | AL42: =IFERROR(VLOOKUP($A42,koronahun!$A:$AM,38,FALSE),"") -> 207 | AM42: =IFERROR(VLOOKUP($A42,koronahun!$A:$AM,39,FALSE),"") -> 3987.1429 | AN42: =IFERROR(__xludf.DUMMYFUNCTION("""COMPUTED_VALUE"""),43934) -> 43934 | AO42: =IFERROR(VLOOKUP(AN42,koronahun!A:B,2,FALSE),"") -> 1458 | AP42: =IF(AO42="","",AN42) -> 43934 | AQ42: =IFERROR(__xludf.DUMMYFUNCTION("""COMPUTED_VALUE"""),43934) -> 43934 | AR42: 44676 | AS42: =IF(AR42="",AR43,AR42) -> 44676 | AT42: =IFERROR(__xludf.DUMMYFUNCTION("""COMPUTED_VALUE"""),44673) -> 44673
A43: 44672 | B43: =IFERROR(VLOOKUP($A43,koronahun!$A:$AM,2,FALSE),"") -> 1888906 | C43: =IFERROR(VLOOKUP($A43,koronahun!$A:$AM,3,FALSE),"") -> 3041 | D43: =IFERROR(VLOOKUP($A43,koronahun!$A:$AM,4,FALSE),"") -> 46024 | E43: =IFERROR(VLOOKUP($A43,koronahun!$A:$AM,5,FALSE),"") -> 1770066 | F43: =IFERROR(VLOOKUP($A43,koronahun!$A:$AM,6,FALSE),"") -> 11285527 | G43: =IFERROR(VLOOKUP($A43,koronahun!$A:$AM,7,FALSE),"") -> 1151584.4 | H43: =IFERROR(VLOOKUP($A43,koronahun!$A:$AM,8,FALSE),"") -> 0 | I43: =IFERROR(VLOOKUP($A43,koronahun!$A:$AM,9,FALSE),"") -> 0.0016125226 | J43: =IFERROR(VLOOKUP($A43,koronahun!$A:$AM,10,FALSE),"") -> 0.1673742 | K43: =IFERROR(VLOOKUP($A43,koronahun!$A:$AM,11,FALSE),"") -> 0.00058808958 | L43: =IFERROR(VLOOKUP($A43,koronahun!$A:$AM,12,FALSE),"") -> 72816 | M43: =IFERROR(VLOOKUP($A43,koronahun!$A:$AM,13,FALSE),"") -> 0.024365426 | N43: =IFERROR(VLOOKUP($A43,koronahun!$A:$AM,14,FALSE),"") -> 0.93708528 | O43: =IFERROR(VLOOKUP($A43,koronahun!$A:$AM,15,FALSE),"") -> 1652 | P43: =IFERROR(VLOOKUP($A43,koronahun!$A:$AM,16,FALSE),"") -> 6633 | Q43: =IFERROR(VLOOKUP($A43,koronahun!$A:$AM,17,FALSE),"") -> 0.45846525 | R43: =IFERROR(VLOOKUP($A43,koronahun!$A:$AM,18,FALSE),"") -> 24 | S43: =IFERROR(VLOOKUP($A43,koronahun!$A:$AM,19,FALSE),"") -> 6155 | T43: =IFERROR(VLOOKUP($A43,koronahun!$A:$AM,20,FALSE),"") -> 1500 | U43: =IFERROR(VLOOKUP($A43,koronahun!$A:$AM,21,FALSE),"") -> 48 | V43: =IFERROR(VLOOKUP($A43,koronahun!$A:$AM,22,FALSE),"") -> 0.038549298 | W43: =IFERROR(VLOOKUP($A43,koronahun!$A:$AM,23,FALSE),"") -> -103 | X43: =IFERROR(VLOOKUP($A43,koronahun!$A:$AM,24,FALSE),"") -> 1 | Y43: =IFERROR(VLOOKUP($A43,koronahun!$A:$AM,25,FALSE),"") -> 0.020599868 | Z43: =IFERROR(VLOOKUP($A43,koronahun!$A:$AM,26,FALSE),"") -> 0.032 | AA43: =IFERROR(VLOOKUP($A43,koronahun!$A:$AM,27,FALSE),"") -> 0.67944929 | AB43: =IFERROR(VLOOKUP($A43,koronahun!$A:$AM,28,FALSE),"") -> 0.41012331 | AC43: =IFERROR(VLOOKUP($A43,koronahun!$A:$AM,29,FALSE),"") -> 1346.5714 | AD43: =IFERROR(VLOOKUP($A43,koronahun!$A:$AM,30,FALSE),"") -> 22.714286 | AE43: =IFERROR(VLOOKUP($A43,koronahun!$A:$AM,31,FALSE),"") -> 5850.5714 | AF43: =IFERROR(VLOOKUP($A43,koronahun!$A:$AM,32,FALSE),"") -> 0.20179557 | AG43: =IFERROR(VLOOKUP($A43,koronahun!$A:$AM,33,FALSE),"") -> 6405342 | AH43: =IFERROR(VLOOKUP($A43,koronahun!$A:$AM,34,FALSE),"") -> 82 | AI43: =IFERROR(VLOOKUP($A43,koronahun!$A:$AM,35,FALSE),"") -> 131 | AJ43: =IFERROR(VLOOKUP($A43,koronahun!$A:$AM,36,FALSE),"") -> 6191154 | AK43: =IFERROR(VLOOKUP($A43,koronahun!$A:$AM,37,FALSE),"") -> 136 | AL43: =IFERROR(VLOOKUP($A43,koronahun!$A:$AM,38,FALSE),"") -> 168.8 | AM43: =IFERROR(VLOOKUP($A43,koronahun!$A:$AM,39,FALSE),"") -> 3051.2857 | AN43: =IFERROR(__xludf.DUMMYFUNCTION("""COMPUTED_VALUE"""),43935) -> 43935 | AO43: =IFERROR(VLOOKUP(AN43,koronahun!A:B,2,FALSE),"") -> 1512 | AP43: =IF(AO43="","",AN43) -> 43935 | AQ43: =IFERROR(__xludf.DUMMYFUNCTION("""COMPUTED_VALUE"""),43935) -> 43935 | AR43: 44673 | AS43: =IF(AR43="",AR44,AR43) -> 44673 | AT43: =IFERROR(__xludf.DUMMYFUNCTION("""COMPUTED_VALUE"""),44672) -> 44672
A44: 44671 | B44: =IFERROR(VLOOKUP($A44,koronahun!$A:$AM,2,FALSE),"") -> 1885865 | C44: =IFERROR(VLOOKUP($A44,koronahun!$A:$AM,3,FALSE),"") -> 1407 | D44: =IFERROR(VLOOKUP($A44,koronahun!$A:$AM,4,FALSE),"") -> 46000 | E44: =IFERROR(VLOOKUP($A44,koronahun!$A:$AM,5,FALSE),"") -> 1763911 | F44: =IFERROR(VLOOKUP($A44,koronahun!$A:$AM,6,FALSE),"") -> 11278894 | G44: =IFERROR(VLOOKUP($A44,koronahun!$A:$AM,7,FALSE),"") -> 1150907.6 | H44: =IFERROR(VLOOKUP($A44,koronahun!$A:$AM,8,FALSE),"") -> 0 | I44: =IFERROR(VLOOKUP($A44,koronahun!$A:$AM,9,FALSE),"") -> 0.00074663378 | J44: =IFERROR(VLOOKUP($A44,koronahun!$A:$AM,10,FALSE),"") -> 0.16720301 | K44: =IFERROR(VLOOKUP($A44,koronahun!$A:$AM,11,FALSE),"") -> 0.00032132265 | L44: =IFERROR(VLOOKUP($A44,koronahun!$A:$AM,12,FALSE),"") -> 75954 | M44: =IFERROR(VLOOKUP($A44,koronahun!$A:$AM,13,FALSE),"") -> 0.02439199 | N44: =IFERROR(VLOOKUP($A44,koronahun!$A:$AM,14,FALSE),"") -> 0.93533259 | O44: =IFERROR(VLOOKUP($A44,koronahun!$A:$AM,15,FALSE),"") -> 1715 | P44: =IFERROR(VLOOKUP($A44,koronahun!$A:$AM,16,FALSE),"") -> 3623 | Q44: =IFERROR(VLOOKUP($A44,koronahun!$A:$AM,17,FALSE),"") -> 0.38835219 | R44: =IFERROR(VLOOKUP($A44,koronahun!$A:$AM,18,FALSE),"") -> 29 | S44: =IFERROR(VLOOKUP($A44,koronahun!$A:$AM,19,FALSE),"") -> 3134 | T44: =IFERROR(VLOOKUP($A44,koronahun!$A:$AM,20,FALSE),"") -> 1603 | U44: =IFERROR(VLOOKUP($A44,koronahun!$A:$AM,21,FALSE),"") -> 47 | V44: =IFERROR(VLOOKUP($A44,koronahun!$A:$AM,22,FALSE),"") -> 0.040275417 | W44: =IFERROR(VLOOKUP($A44,koronahun!$A:$AM,23,FALSE),"") -> 43 | X44: =IFERROR(VLOOKUP($A44,koronahun!$A:$AM,24,FALSE),"") -> -2 | Y44: =IFERROR(VLOOKUP($A44,koronahun!$A:$AM,25,FALSE),"") -> 0.021104879 | Z44: =IFERROR(VLOOKUP($A44,koronahun!$A:$AM,26,FALSE),"") -> 0.029320025 | AA44: =IFERROR(VLOOKUP($A44,koronahun!$A:$AM,27,FALSE),"") -> 0.6413317 | AB44: =IFERROR(VLOOKUP($A44,koronahun!$A:$AM,28,FALSE),"") -> 0.47622821 | AC44: =IFERROR(VLOOKUP($A44,koronahun!$A:$AM,29,FALSE),"") -> 1274.1429 | AD44: =IFERROR(VLOOKUP($A44,koronahun!$A:$AM,30,FALSE),"") -> 23.142857 | AE44: =IFERROR(VLOOKUP($A44,koronahun!$A:$AM,31,FALSE),"") -> 6504.5714 | AF44: =IFERROR(VLOOKUP($A44,koronahun!$A:$AM,32,FALSE),"") -> 0.15530812 | AG44: =IFERROR(VLOOKUP($A44,koronahun!$A:$AM,33,FALSE),"") -> 6405260 | AH44: =IFERROR(VLOOKUP($A44,koronahun!$A:$AM,34,FALSE),"") -> 137 | AI44: =IFERROR(VLOOKUP($A44,koronahun!$A:$AM,35,FALSE),"") -> 143.8 | AJ44: =IFERROR(VLOOKUP($A44,koronahun!$A:$AM,36,FALSE),"") -> 6191018 | AK44: =IFERROR(VLOOKUP($A44,koronahun!$A:$AM,37,FALSE),"") -> 225 | AL44: =IFERROR(VLOOKUP($A44,koronahun!$A:$AM,38,FALSE),"") -> 175.6 | AM44: =IFERROR(VLOOKUP($A44,koronahun!$A:$AM,39,FALSE),"") -> 3122.8571 | AN44: =IFERROR(__xludf.DUMMYFUNCTION("""COMPUTED_VALUE"""),43936) -> 43936 | AO44: =IFERROR(VLOOKUP(AN44,koronahun!A:B,2,FALSE),"") -> 1579 | AP44: =IF(AO44="","",AN44) -> 43936 | AQ44: =IFERROR(__xludf.DUMMYFUNCTION("""COMPUTED_VALUE"""),43936) -> 43936 | AR44: 44672 | AS44: =IF(AR44="",AR45,AR44) -> 44672 | AT44: =IFERROR(__xludf.DUMMYFUNCTION("""COMPUTED_VALUE"""),44671) -> 44671
A45: 44670 | B45: =IFERROR(VLOOKUP($A45,koronahun!$A:$AM,2,FALSE),"") -> 1884458 | C45: =IFERROR(VLOOKUP($A45,koronahun!$A:$AM,3,FALSE),"") -> 4978 | D45: =IFERROR(VLOOKUP($A45,koronahun!$A:$AM,4,FALSE),"") -> 45971 | E45: =IFERROR(VLOOKUP($A45,koronahun!$A:$AM,5,FALSE),"") -> 1760777 | F45: =IFERROR(VLOOKUP($A45,koronahun!$A:$AM,6,FALSE),"") -> 11275271 | G45: =IFERROR(VLOOKUP($A45,koronahun!$A:$AM,7,FALSE),"") -> 1150537.9 | H45: =IFERROR(VLOOKUP($A45,koronahun!$A:$AM,8,FALSE),"") -> 0 | I45: =IFERROR(VLOOKUP($A45,koronahun!$A:$AM,9,FALSE),"") -> 0.0026486049 | J45: =IFERROR(VLOOKUP($A45,koronahun!$A:$AM,10,FALSE),"") -> 0.16713195 | K45: =IFERROR(VLOOKUP($A45,koronahun!$A:$AM,11,FALSE),"") -> 0.0027300281 | L45: =IFERROR(VLOOKUP($A45,koronahun!$A:$AM,12,FALSE),"") -> 77710 | M45: =IFERROR(VLOOKUP($A45,koronahun!$A:$AM,13,FALSE),"") -> 0.024394813 | N45: =IFERROR(VLOOKUP($A45,koronahun!$A:$AM,14,FALSE),"") -> 0.93436787 | O45: =IFERROR(VLOOKUP($A45,koronahun!$A:$AM,15,FALSE),"") -> 3609 | P45: =IFERROR(VLOOKUP($A45,koronahun!$A:$AM,16,FALSE),"") -> 30698 | Q45: =IFERROR(VLOOKUP($A45,koronahun!$A:$AM,17,FALSE),"") -> 0.1621604 | R45: =IFERROR(VLOOKUP($A45,koronahun!$A:$AM,18,FALSE),"") -> 106 | S45: =IFERROR(VLOOKUP($A45,koronahun!$A:$AM,19,FALSE),"") -> 12070 | T45: =IFERROR(VLOOKUP($A45,koronahun!$A:$AM,20,FALSE),"") -> 1560 | U45: =IFERROR(VLOOKUP($A45,koronahun!$A:$AM,21,FALSE),"") -> 49 | V45: =IFERROR(VLOOKUP($A45,koronahun!$A:$AM,22,FALSE),"") -> 0.041237321 | W45: =IFERROR(VLOOKUP($A45,koronahun!$A:$AM,23,FALSE),"") -> -88 | X45: =IFERROR(VLOOKUP($A45,koronahun!$A:$AM,24,FALSE),"") -> -1 | Y45: =IFERROR(VLOOKUP($A45,koronahun!$A:$AM,25,FALSE),"") -> 0.020074636 | Z45: =IFERROR(VLOOKUP($A45,koronahun!$A:$AM,26,FALSE),"") -> 0.031410256 | AA45: =IFERROR(VLOOKUP($A45,koronahun!$A:$AM,27,FALSE),"") -> 0.72983555 | AB45: =IFERROR(VLOOKUP($A45,koronahun!$A:$AM,28,FALSE),"") -> 0.54919179 | AC45: =IFERROR(VLOOKUP($A45,koronahun!$A:$AM,29,FALSE),"") -> 1464.5714 | AD45: =IFERROR(VLOOKUP($A45,koronahun!$A:$AM,30,FALSE),"") -> 22.714286 | AE45: =IFERROR(VLOOKUP($A45,koronahun!$A:$AM,31,FALSE),"") -> 7178.7143 | AF45: =IFERROR(VLOOKUP($A45,koronahun!$A:$AM,32,FALSE),"") -> 0.14332936 | AG45: =IFERROR(VLOOKUP($A45,koronahun!$A:$AM,33,FALSE),"") -> 6405123 | AH45: =IFERROR(VLOOKUP($A45,koronahun!$A:$AM,34,FALSE),"") -> 436 | AI45: =IFERROR(VLOOKUP($A45,koronahun!$A:$AM,35,FALSE),"") -> 137.4 | AJ45: =IFERROR(VLOOKUP($A45,koronahun!$A:$AM,36,FALSE),"") -> 6190793 | AK45: =IFERROR(VLOOKUP($A45,koronahun!$A:$AM,37,FALSE),"") -> 483 | AL45: =IFERROR(VLOOKUP($A45,koronahun!$A:$AM,38,FALSE),"") -> 176 | AM45: =IFERROR(VLOOKUP($A45,koronahun!$A:$AM,39,FALSE),"") -> 3549.7143 | AN45: =IFERROR(__xludf.DUMMYFUNCTION("""COMPUTED_VALUE"""),43937) -> 43937 | AO45: =IFERROR(VLOOKUP(AN45,koronahun!A:B,2,FALSE),"") -> 1652 | AP45: =IF(AO45="","",AN45) -> 43937 | AQ45: =IFERROR(__xludf.DUMMYFUNCTION("""COMPUTED_VALUE"""),43937) -> 43937 | AR45: 44671 | AS45: =IF(AR45="",AR46,AR45) -> 44671 | AT45: =IFERROR(__xludf.DUMMYFUNCTION("""COMPUTED_VALUE"""),44670) -> 44670
